88.6,13.7
94.2,13.9
158.3,79.5
175.7,66.3
158.4,45.4
150.2,53.5
151.1,88.8
170.6,62.1
172.8,58.9
178.6,74.9
147.8,87.1
170.6,65.6
159.2,77.7
174.1,74.4
157.3,54.4
160.5,67.0
154.0,85.1
154.6,56.8
170.1,64.9
111.4,18.2
145.8,34.3
154.5,74.3
161.9,62.7
188.1,118.1
173.2,82.8
167.6,80.2
179.9,89.2
162.4,56.1
142.6,40.8
147.7,76.5
143.4,36.9
137.6,35.0
170.2,97.7
116.3,22.5
183.4,102.9
135.8,31.9
178.3,107.9
187.8,79.3
154.7,50.8
107.1,16.8
158.4,62.1
157.7,55.0
133.9,45.1
153.6,60.1
151.4,56.3
161.5,87.2
178.5,93.8
160.7,75.4
174.9,106.7
156.9,75.8
158.6,73.1
150.6,85.6
166.4,80.2
149.8,60.8
181.5,84.1
169.9,63.1
156.6,66.4
164.7,86.4
174.9,78.5
124.7,23.5
172.3,77.1
97.5,13.3
161.9,80.6
176.0,74.6
165.5,70.9
150.4,58.5
157.8,55.4
163.6,73.3
138.9,31.7
161.7,87.5
154.9,61.0
164.7,65.1
156.9,59.9
86.2,12.4
155.0,73.7
162.1,58.7
169.5,112.8
173.4,71.0
103.3,15.9
165.2,100.6
160.4,48.7
153.7,67.5
157.1,59.1
168.6,44.5
176.6,97.4
164.3,86.3
173.0,85.4
177.0,71.3
162.8,60.2
179.0,79.0
90.8,15.4
166.4,55.4
162.9,89.9
176.1,88.2
157.8,103.6
186.1,97.1
166.7,80.6
164.2,79.6
174.8,94.9
155.3,104.3
168.9,79.3
161.5,72.9
158.7,61.3
176.0,87.6
143.7,57.7
162.7,72.6
161.4,55.0
113.0,24.8
159.8,85.3
159.4,72.2
174.2,92.7
161.9,52.3
87.4,12.7
161.4,82.5
186.1,111.4
171.9,74.9
172.3,80.3
126.3,23.4
161.7,95.4
163.9,52.5
166.8,108.7
126.4,40.1
177.4,94.6
180.7,78.3
171.5,96.5
84.8,10.6
163.8,56.3
125.0,38.7
165.3,67.9
165.9,54.6
156.6,100.4
171.1,85.0
164.6,61.4
155.6,65.3
149.1,69.3
171.0,79.6
165.4,71.1
165.1,97.1
176.9,134.0
100.0,16.4
147.3,36.2
165.9,61.9
176.2,98.1
93.1,16.0
172.9,94.4
154.3,57.4
171.4,64.6
86.4,13.2
171.4,103.9
176.7,71.6
158.1,47.4
158.8,54.0
159.4,78.5
127.2,21.4
174.4,75.8
150.9,56.6
178.8,79.0
162.5,63.6
129.2,27.6
118.7,22.7
131.6,34.6
164.7,114.5
172.9,63.7
137.1,29.4
174.2,78.4
167.6,59.7
177.5,74.9
145.4,94.2
167.0,100.2
178.0,89.4
162.3,73.2
181.9,112.8
147.8,65.8
149.0,58.7
118.3,24.8
174.5,91.5
163.1,82.3
155.3,62.3
158.2,68.8
166.3,89.0
154.1,68.2
172.4,57.2
169.3,83.4
173.7,80.6
162.0,71.1
165.9,68.2
121.0,30.1
160.2,170.0
160.3,63.7
176.6,107.9
176.7,75.8
168.5,70.2
174.6,53.8
192.9,114.6
133.8,24.0
154.2,49.6
123.3,22.9
147.9,49.3
188.5,107.7
151.8,58.9
155.3,41.7
172.1,106.9
156.1,59.8
166.4,37.5
171.5,79.3
168.1,84.1
178.7,112.4
158.6,78.7
175.1,99.8
163.2,63.1
153.3,67.7
166.2,68.5
167.6,79.5
169.4,97.5
89.7,12.9
162.6,61.3
169.2,62.0
146.7,55.3
160.5,45.1
150.7,55.9
159.5,88.8
161.7,98.8
171.4,118.1
167.7,65.1
166.5,80.7
92.0,12.2
171.0,74.5
175.2,126.9
173.8,99.3
172.0,85.5
159.5,57.5
171.8,77.1
163.9,60.3
166.4,69.6
168.7,108.8
186.3,102.8
151.5,58.4
181.8,96.8
161.4,70.9
162.1,78.7
168.0,59.8
173.9,76.8
173.8,58.0
157.3,66.3
171.4,60.1
143.6,67.2
160.7,81.9
146.9,58.0
117.9,21.3
170.0,113.4
163.6,49.0
163.1,56.8
158.4,93.6
157.0,66.1
153.5,41.2
101.0,19.1
161.5,52.7
102.7,20.1
159.7,44.8
159.1,51.5
166.7,69.2
158.6,51.6
156.5,100.0
158.2,64.1
159.2,76.3
129.8,36.2
165.4,52.9
162.3,62.9
160.6,89.5
155.0,48.5
183.3,87.6
118.7,23.7
164.8,68.4
174.5,68.1
119.0,17.9
159.8,67.0
173.7,65.0
170.5,92.5
163.2,70.3
92.6,14.4
159.8,88.0
138.5,34.3
103.9,16.2
148.7,56.6
165.9,77.9
166.8,60.8
166.2,68.9
193.9,108.1
173.9,78.2
140.6,48.7
159.7,74.4
144.5,66.5
160.6,78.3
145.8,43.1
167.7,74.3
162.5,80.0
169.0,84.4
169.6,92.4
167.2,62.8
178.7,75.0
167.5,62.2
157.5,54.0
168.5,74.2
170.0,82.9
162.3,93.7
171.0,63.3
143.7,121.2
171.2,80.1
155.3,70.1
104.2,15.6
156.6,91.9
172.5,90.6
165.2,56.5
135.9,28.1
161.5,84.0
158.4,112.4
145.4,65.8
175.8,126.6
154.2,78.3
124.3,25.9
88.1,14.0
176.0,124.6
151.4,62.7
166.0,98.6
181.8,93.3
183.5,105.5
128.8,26.0
169.2,76.0
166.8,97.2
173.2,61.9
135.9,41.7
90.5,15.5
173.4,78.9
163.2,59.4
160.1,63.3
158.1,55.7
118.7,22.4
148.8,64.3
159.0,63.8
185.2,83.4
149.6,57.3
153.0,77.2
147.4,40.7
171.1,79.3
189.1,123.0
170.0,132.7
151.7,66.7
173.0,80.0
160.1,91.5
163.2,80.8
155.2,83.1
158.0,74.2
132.6,27.2
123.9,28.9
162.7,74.0
180.3,74.7
140.6,42.3
165.0,71.9
159.2,62.4
93.9,13.4
85.7,12.3
162.5,74.0
159.0,59.2
187.9,60.8
167.4,70.2
165.3,204.4
163.7,71.7
173.5,70.8
160.6,63.3
168.5,72.8
173.0,83.1
165.9,88.7
155.0,80.7
160.4,65.7
180.0,124.1
123.4,28.7
163.7,70.9
169.1,129.0
174.5,65.5
177.1,75.1
156.2,70.1
163.2,69.3
140.4,31.4
153.3,57.5
152.9,58.8
163.3,85.4
169.4,97.6
178.2,77.6
113.9,17.7
103.5,17.2
173.5,122.6
157.4,77.8
88.9,14.4
165.3,44.7
167.3,88.3
162.5,90.2
173.1,83.7
160.8,55.1
151.1,33.1
145.7,49.6
178.0,120.5
150.9,65.6
148.4,40.4
161.8,94.6
151.0,52.9
176.7,72.1
177.3,68.7
156.9,59.2
177.4,77.3
159.4,53.1
142.1,34.7
174.5,96.1
168.7,49.7
157.8,80.8
170.4,75.2
97.9,15.4
139.8,38.9
94.5,15.1
153.1,78.7
148.8,57.2
170.4,75.9
162.1,72.9
145.7,54.9
172.0,128.6
166.3,137.5
133.4,48.6
156.4,77.7
158.2,58.0
186.1,154.1
133.8,26.9
99.4,17.8
167.0,52.0
144.7,62.0
158.3,100.6
175.3,78.9
91.8,14.5
154.0,99.1
168.8,117.1
132.5,27.4
156.9,38.6
147.4,67.2
155.4,68.7
165.6,59.7
155.4,91.3
166.8,65.3
189.9,132.6
96.0,16.2
153.5,87.7
169.3,77.9
166.7,85.6
160.4,118.4
176.1,75.2
162.8,49.4
148.5,48.6
159.6,56.4
162.0,79.2
186.5,91.3
113.6,18.1
155.6,55.0
165.3,72.7
154.0,56.1
90.3,13.1
167.0,81.8
175.4,110.9
142.4,38.1
130.2,27.8
168.3,91.6
152.3,93.6
162.9,59.1
184.8,94.0
175.9,76.4
147.6,42.1
164.0,63.2
120.4,36.5
183.7,123.0
160.5,51.9
151.6,69.1
174.6,76.2
170.0,81.6
164.6,72.1
166.7,78.9
172.1,135.5
161.8,83.9
163.6,90.8
166.7,117.7
162.0,65.1
171.3,137.4
160.0,94.3
132.3,40.7
177.0,99.1
136.7,30.7
146.5,33.0
182.6,95.6
166.6,63.8
147.0,74.6
164.6,62.3
183.3,65.1
176.8,61.0
123.3,25.6
171.0,117.5
159.1,67.7
153.3,58.0
170.2,58.7
153.6,56.6
162.1,65.4
170.5,128.8
177.9,78.4
161.6,78.7
173.3,98.8
180.6,101.2
153.7,57.7
151.2,64.6
162.9,68.5
168.3,68.5
143.3,38.6
171.1,115.7
163.6,81.4
162.5,119.8
172.7,77.4
174.6,133.3
165.0,63.4
178.2,112.2
154.5,79.5
147.2,60.2
162.7,55.2
176.2,93.0
152.5,70.0
157.4,81.3
179.9,105.1
165.5,67.3
166.2,99.0
151.7,59.8
159.9,63.2
179.7,67.9
167.2,65.5
152.2,60.4
170.2,53.7
147.2,37.5
141.4,36.4
165.1,86.2
173.1,85.7
168.5,54.0
182.0,157.9
171.8,70.0
131.3,28.7
101.1,15.3
172.4,78.6
179.3,64.2
163.9,89.2
159.6,74.0
160.7,74.3
159.0,79.4
147.0,96.3
169.6,95.9
156.1,46.7
130.3,28.2
154.5,89.0
107.8,16.4
160.9,73.2
166.6,78.5
172.9,138.2
119.1,30.2
162.5,83.4
187.7,121.1
178.7,94.9
160.3,89.0
172.1,100.6
124.6,24.3
174.9,133.5
175.6,123.9
163.9,55.6
171.4,83.6
166.1,64.5
163.5,76.8
159.3,50.4
145.0,55.4
90.7,13.8
182.1,91.3
137.5,28.7
164.7,83.8
178.9,101.5
153.5,78.2
157.9,69.4
166.3,75.9
164.1,54.5
176.6,78.9
131.4,24.7
160.7,65.9
91.6,12.6
145.8,53.5
175.8,113.8
158.8,64.6
156.3,84.3
159.7,55.4
170.9,82.7
181.7,165.1
150.4,39.4
157.9,71.8
173.9,86.4
163.4,74.0
165.1,51.7
114.1,26.3
165.6,72.5
161.4,100.0
163.5,131.9
165.4,90.6
100.8,15.6
155.0,84.6
182.0,83.3
166.4,81.5
157.4,101.0
170.6,96.6
156.2,45.4
167.2,84.7
152.1,79.9
114.8,17.8
162.8,67.5
151.6,64.3
115.0,19.4
156.6,54.6
159.1,78.6
165.7,121.2
161.5,81.7
173.4,58.9
173.8,59.0
151.6,70.2
175.3,58.6
157.2,68.9
174.6,79.1
169.8,118.1
168.0,65.3
177.7,105.4
95.4,14.6
153.6,84.2
135.5,27.6
162.9,80.2
143.6,53.0
91.6,15.2
167.0,61.0
159.3,68.1
157.7,74.9
155.2,89.8
164.2,113.2
178.5,126.0
172.1,155.4
171.7,163.0
161.8,94.5
180.5,118.1
158.6,68.6
174.9,94.5
175.6,74.1
117.0,20.8
169.0,61.2
157.5,75.0
173.6,123.5
174.0,74.6
165.7,87.4
165.6,47.8
175.8,105.1
179.6,105.1
105.2,15.7
166.4,85.8
144.0,38.6
159.2,92.2
164.6,67.7
177.9,107.2
160.6,130.0
153.7,67.6
156.1,65.7
151.9,53.2
162.1,111.9
183.4,125.1
185.4,106.2
161.6,56.3
163.3,103.3
170.1,84.7
161.3,76.5
111.9,19.8
162.4,81.1
183.6,77.4
141.5,37.5
170.8,70.6
151.7,39.4
163.6,60.6
155.5,79.7
124.1,24.6
162.0,86.9
154.2,58.1
160.1,80.3
119.3,27.0
176.7,97.4
179.2,96.9
159.3,67.1
112.2,19.8
157.3,59.5
165.3,109.4
128.6,28.4
168.2,78.4
138.7,30.2
98.1,14.5
96.1,14.6
168.6,82.1
158.2,56.7
160.6,57.7
168.7,101.1
162.8,93.5
153.3,81.3
173.6,57.9
191.1,88.8
124.1,31.1
152.3,83.9
167.6,127.4
151.7,70.8
168.2,74.5
158.2,81.6
128.6,37.2
155.4,61.2
92.1,13.5
126.3,29.6
148.3,98.0
158.9,62.3
169.0,84.2
178.3,94.2
123.4,25.7
175.2,97.6
158.2,66.2
157.9,83.2
180.7,104.2
164.2,66.8
162.3,159.6
180.6,70.1
157.7,64.9
157.6,73.6
155.1,72.6
160.7,73.0
153.8,51.1
148.6,49.9
164.8,69.7
165.8,83.6
155.4,46.9
164.8,58.9
164.1,66.6
161.8,56.3
180.0,90.2
164.0,66.1
151.3,46.4
101.1,16.2
170.6,82.1
163.1,62.3
156.4,59.5
150.6,65.7
174.2,81.8
164.4,64.4
116.1,20.0
156.8,85.4
147.7,51.4
164.1,99.0
171.1,104.9
107.7,18.7
184.3,58.4
137.2,37.9
154.6,60.0
168.4,94.3
176.8,81.3
161.1,77.3
152.7,58.7
166.6,93.4
167.4,71.6
153.9,40.5
153.5,63.5
184.7,166.3
161.4,54.9
159.0,93.8
175.9,60.7
168.1,75.2
171.7,82.1
108.4,18.7
168.1,60.1
149.0,36.7
121.6,22.3
165.1,54.6
158.6,50.7
130.7,25.9
183.2,102.1
146.8,73.5
178.0,89.0
163.5,119.0
184.2,73.5
175.8,74.6
107.1,17.9
111.0,21.4
164.1,75.0
176.9,107.7
95.6,15.8
115.7,28.0
121.7,28.4
170.6,92.5
176.4,80.1
183.4,100.1
182.9,81.7
161.9,65.1
154.4,59.3
153.2,58.0
135.6,46.6
157.6,42.8
165.0,101.8
162.2,99.7
103.8,16.9
176.5,101.8
174.3,80.9
131.0,25.5
102.1,17.2
166.5,66.2
159.4,65.3
173.4,66.7
180.7,90.5
157.0,92.1
81.3,9.9
92.9,13.4
183.9,146.1
163.8,69.4
165.8,76.6
153.8,60.9
152.5,58.9
101.7,15.3
133.4,45.8
116.7,25.3
177.8,104.1
98.5,17.5
151.5,73.0
171.6,63.8
160.3,92.8
95.4,14.8
176.4,58.9
163.3,60.7
148.1,46.5
174.3,104.7
157.9,71.8
155.5,99.2
142.9,57.1
164.0,71.0
97.2,13.9
121.7,22.0
144.6,38.4
125.3,33.6
170.7,77.5
157.4,81.0
160.2,59.0
165.5,59.4
176.8,98.6
130.3,30.3
127.7,23.6
189.3,89.7
169.9,83.9
106.6,26.6
157.4,88.5
165.3,60.8
167.5,60.3
171.2,76.0
165.3,96.4
171.9,71.4
173.9,94.5
172.2,127.6
164.7,79.2
164.2,103.8
172.5,76.2
158.0,55.3
168.9,90.5
161.9,81.0
85.8,10.5
96.9,14.6
175.3,112.5
165.4,49.1
158.4,55.6
169.1,52.6
159.7,52.3
135.0,39.6
147.7,45.9
174.2,81.3
168.1,68.6
149.3,57.4
168.5,69.9
147.8,79.8
161.6,70.8
181.9,102.2
119.9,27.2
183.0,86.0
159.6,105.4
159.4,68.2
100.8,16.8
165.0,83.1
123.8,30.4
96.9,14.5
159.8,81.1
166.3,93.7
171.7,131.6
153.0,58.0
174.3,59.1
169.2,102.0
169.0,84.0
159.4,71.6
102.3,16.9
184.3,113.2
153.0,63.8
172.6,79.2
176.3,84.9
135.8,31.9
130.6,25.3
167.4,71.8
107.2,19.9
175.9,84.1
155.3,52.7
96.2,14.9
139.6,31.6
159.7,70.7
190.1,98.3
179.2,100.4
158.8,62.8
160.8,63.3
156.8,76.0
160.4,88.6
130.6,26.8
173.4,77.9
154.2,69.0
155.6,84.7
148.3,73.6
177.0,52.2
107.1,16.9
160.1,50.4
164.3,74.4
187.4,125.3
169.5,119.3
172.0,77.4
176.7,103.2
171.3,141.9
168.4,98.3
164.9,69.3
177.7,53.7
166.7,85.6
157.7,53.9
159.3,81.1
167.4,71.3
155.5,54.8
141.4,33.3
171.4,87.7
165.4,82.4
129.7,26.9
162.6,51.3
157.8,58.7
93.2,14.6
165.0,72.5
164.7,86.7
173.2,79.8
158.2,53.8
127.2,27.1
164.0,66.1
167.8,92.6
160.0,53.8
153.3,60.0
155.9,63.5
115.7,21.3
176.4,96.1
166.4,86.4
164.0,55.1
176.4,129.8
161.1,76.2
161.9,65.4
163.5,86.7
184.1,71.9
175.2,89.1
168.0,77.9
153.5,62.8
147.6,41.3
161.4,45.7
153.0,56.1
156.4,73.0
185.5,95.8
152.7,54.5
85.8,12.9
124.3,24.1
166.3,82.5
132.9,27.0
88.7,18.3
145.6,64.0
167.0,56.7
160.1,74.4
166.7,56.9
157.1,89.0
162.5,85.1
156.1,74.4
154.0,54.5
105.0,18.5
161.3,55.4
157.5,53.9
152.5,73.2
107.3,20.1
177.0,87.1
104.3,17.7
165.8,115.5
160.0,74.2
165.1,57.7
140.4,36.5
173.6,108.0
154.1,69.5
168.7,54.7
159.0,58.8
171.7,138.1
161.0,100.5
159.2,106.3
168.7,106.0
151.9,86.8
163.3,52.3
167.8,92.6
171.9,58.2
151.0,62.3
185.1,109.2
187.0,129.0
90.7,16.2
166.0,55.2
178.5,72.3
172.5,134.9
165.6,65.3
176.7,77.5
150.3,49.2
171.9,106.1
171.5,95.6
175.1,99.1
165.5,46.2
158.3,60.6
186.0,85.0
124.1,24.2
182.2,121.9
171.6,75.0
162.2,85.2
147.9,41.0
148.5,82.2
171.5,74.1
162.5,71.8
184.3,65.2
165.0,88.3
181.3,126.5
173.5,48.5
165.3,93.5
101.9,22.1
153.9,96.2
161.0,81.5
157.3,52.4
158.5,52.1
152.1,50.3
185.4,131.9
117.3,24.9
161.0,51.3
164.4,74.8
151.3,74.5
171.1,112.4
180.4,105.4
176.4,68.3
141.6,39.4
139.6,38.7
149.5,66.9
150.0,39.2
161.1,86.0
142.7,36.7
180.7,109.2
111.8,21.0
152.5,87.8
151.1,63.7
169.8,66.8
172.3,135.5
158.1,79.3
142.9,33.3
171.8,64.2
154.4,101.9
136.7,43.8
170.5,67.7
155.9,117.0
161.7,84.9
159.1,103.2
152.4,40.1
163.6,77.2
156.5,87.0
178.0,65.0
154.1,75.4
185.5,71.6
149.3,75.2
179.2,107.5
116.2,19.1
158.6,97.1
181.3,127.3
188.5,127.0
121.5,20.5
141.4,43.5
148.2,42.0
155.6,92.4
155.3,125.5
171.7,76.7
157.1,38.6
175.3,101.3
155.1,50.9
174.0,94.4
186.5,73.9
171.5,96.0
157.2,49.2
161.3,76.6
169.7,77.1
184.8,93.8
163.5,93.0
195.0,82.4
182.4,98.6
168.4,82.1
142.7,37.9
171.6,90.6
109.9,18.3
161.9,62.8
168.5,49.7
159.0,76.1
106.2,15.8
165.8,104.8
156.7,64.6
168.3,58.9
165.6,48.3
158.7,88.8
163.3,130.9
175.9,77.7
179.0,95.9
194.5,96.5
88.2,12.3
144.4,53.4
147.0,59.3
170.0,84.2
159.1,49.6
175.9,84.6
98.5,16.2
150.6,76.7
160.3,77.8
170.8,84.2
185.8,93.9
170.8,131.4
146.5,37.6
162.1,64.1
145.3,52.5
170.9,69.9
162.0,98.0
178.7,106.5
177.1,105.2
111.5,18.8
175.5,105.0
113.9,20.6
178.3,77.2
147.6,56.8
112.9,19.0
162.3,54.1
146.2,45.1
176.2,80.7
183.7,126.1
185.1,83.0
149.3,50.3
178.5,96.9
165.5,90.2
173.9,75.9
169.1,125.3
152.6,34.5
154.7,57.5
158.3,59.4
188.4,148.0
181.8,121.1
163.9,70.5
123.3,29.7
160.3,56.8
168.5,143.6
144.1,50.5
153.9,75.8
164.8,60.4
158.9,101.0
162.3,75.2
163.7,69.3
187.4,109.7
176.8,82.7
92.0,14.3
128.5,25.4
184.1,159.2
165.3,86.8
170.9,74.3
164.7,83.8
182.3,180.8
171.3,120.7
171.4,85.0
160.4,163.2
177.9,104.6
144.9,51.0
172.4,75.2
164.7,65.1
168.2,83.4
167.5,70.3
158.0,55.9
161.1,132.9
158.3,65.8
172.9,72.9
173.0,112.5
149.2,62.6
167.3,50.1
163.3,115.7
163.0,72.6
157.1,36.8
173.1,75.0
102.9,17.6
164.3,83.7
142.5,37.1
171.3,125.9
105.2,18.1
127.7,28.3
122.9,27.9
148.9,73.3
173.0,98.2
171.1,104.5
167.5,67.9
146.8,37.2
163.9,77.6
143.3,58.4
151.5,79.1
179.9,119.5
161.4,71.2
177.7,110.9
150.6,44.8
164.8,56.3
159.6,74.5
156.5,71.0
179.2,92.7
92.3,15.3
171.8,84.4
166.0,59.3
119.4,20.9
149.3,35.2
95.0,12.4
161.1,72.5
162.6,84.4
155.8,75.9
160.7,84.3
170.1,103.3
157.1,51.5
171.7,55.8
126.1,34.1
170.0,76.0
130.2,26.5
150.6,69.6
122.3,19.7
152.8,82.1
176.6,52.5
113.4,16.4
159.1,70.8
172.3,64.6
151.1,77.4
163.6,150.6
178.0,79.7
130.8,33.5
115.0,21.4
172.3,80.5
133.5,29.2
169.1,63.2
153.1,49.2
163.0,79.2
100.1,16.2
154.2,51.2
110.8,18.8
138.3,31.5
78.3,9.9
161.5,92.3
153.0,105.1
157.0,58.3
153.7,81.6
175.2,81.6
158.4,108.8
139.0,35.5
165.1,67.8
93.4,13.5
169.3,82.8
156.5,47.9
152.9,56.0
172.4,86.2
159.4,50.8
185.3,82.3
169.4,77.7
161.3,71.5
154.7,42.2
172.8,73.8
145.4,54.8
163.4,90.9
168.5,114.0
155.1,64.0
170.5,109.3
158.2,73.7
145.1,55.7
155.0,57.1
161.6,122.7
106.7,19.1
178.7,68.0
172.8,103.6
157.4,54.8
158.4,73.8
170.3,54.0
158.4,68.3
144.1,49.9
149.8,40.0
169.4,103.3
155.9,46.1
143.7,72.8
170.6,62.2
142.7,47.6
173.8,80.3
169.1,124.9
178.7,116.4
163.5,99.7
161.8,101.0
153.3,58.9
155.2,54.4
173.5,75.6
178.4,80.8
152.4,49.5
165.8,52.9
163.1,69.9
171.4,76.7
170.0,71.0
174.9,86.0
151.8,45.6
103.0,18.1
170.8,69.4
172.1,77.8
163.8,99.5
172.0,76.6
98.7,15.5
161.4,53.1
127.7,36.3
154.2,69.7
156.8,59.5
154.7,84.2
168.7,60.9
166.4,67.9
138.3,26.7
138.3,37.8
175.8,83.0
175.8,80.0
180.4,93.3
147.7,77.7
157.5,94.8
97.3,14.9
150.5,54.2
177.1,70.9
177.2,86.1
155.9,74.6
152.8,65.6
153.9,72.1
164.5,75.2
127.6,31.9
157.9,90.0
164.8,91.7
169.1,82.4
162.0,106.6
191.3,103.2
134.6,26.3
85.6,12.5
161.7,69.1
157.6,65.8
157.5,66.7
172.9,111.8
173.2,67.0
176.9,75.6
158.8,120.4
165.8,79.9
160.1,53.4
160.5,88.8
177.5,95.3
177.0,55.4
126.5,24.1
148.5,43.9
180.9,101.2
162.9,115.8
160.9,55.4
180.1,104.6
168.1,93.7
174.4,73.1
153.5,73.1
164.6,90.6
122.8,23.7
175.9,74.7
153.9,87.3
115.3,25.0
155.6,47.8
162.4,54.8
168.4,83.8
147.6,70.8
114.3,19.8
107.9,16.0
136.8,28.1
165.6,64.5
114.4,17.4
168.8,78.2
172.8,65.7
173.1,79.7
124.9,23.8
146.5,62.8
165.1,98.3
86.8,11.8
157.1,64.4
97.4,16.6
177.1,83.0
166.2,75.8
107.1,18.8
172.9,96.8
150.5,76.2
168.3,82.8
159.6,60.1
144.0,35.9
155.6,109.0
183.0,139.9
105.6,17.6
165.5,98.2
152.7,68.5
176.5,91.6
177.8,64.6
179.8,84.7
167.7,74.6
178.0,91.7
152.1,54.7
166.9,68.3
175.1,76.9
141.8,49.4
147.2,62.1
167.7,87.2
159.9,82.6
132.1,37.3
157.6,70.4
173.0,79.9
163.7,57.9
149.4,39.3
162.0,46.4
157.9,74.8
163.8,89.4
174.6,113.7
155.2,76.8
162.8,59.2
166.4,100.1
133.8,25.5
165.6,57.5
160.2,63.4
157.4,89.4
155.3,93.4
86.8,10.0
166.3,70.6
166.2,97.1
150.9,57.0
170.7,89.8
158.4,123.3
155.4,99.4
168.0,58.3
116.2,35.3
126.5,35.5
179.5,104.0
171.7,88.1
161.4,64.3
169.4,75.4
131.9,29.0
178.2,107.3
163.2,44.6
172.7,54.2
177.7,88.4
170.7,60.3
166.8,88.8
102.2,15.8
168.3,68.9
179.3,138.7
160.4,106.2
174.3,76.8
145.5,55.8
170.5,100.1
154.6,81.8
170.8,84.5
150.6,37.9
163.2,48.5
176.2,88.1
96.7,14.9
163.2,44.6
113.0,27.0
147.4,41.8
194.0,117.1
158.8,60.3
151.7,58.3
167.7,78.2
133.0,38.5
122.7,24.4
169.0,70.9
175.8,166.0
179.4,108.0
174.1,86.7
175.9,91.0
153.9,53.1
162.3,51.1
166.2,94.8
180.9,85.9
168.4,71.5
150.8,57.7
165.0,88.7
170.8,95.2
165.5,72.1
187.9,119.5
174.2,67.7
173.6,77.3
155.3,71.7
97.9,15.2
161.2,160.1
163.5,103.3
158.8,44.6
146.9,59.8
161.7,78.1
156.5,58.8
168.6,79.6
173.8,76.2
154.1,59.4
162.1,65.1
168.5,73.5
160.1,91.7
165.4,87.5
166.9,86.4
176.4,65.8
101.1,18.4
170.8,116.3
167.2,79.1
172.6,86.9
162.7,88.8
128.2,26.1
158.4,112.3
144.9,38.9
174.3,70.6
161.3,72.5
117.4,18.6
101.8,14.6
167.9,98.7
103.5,17.4
150.0,72.6
182.0,101.3
151.6,59.5
181.9,83.6
177.0,58.6
99.5,23.3
165.5,63.0
172.6,83.4
184.1,74.2
159.7,103.2
138.1,27.1
133.5,27.5
162.6,46.1
153.0,47.1
163.5,60.2
170.9,79.8
172.4,66.8
154.2,49.1
171.3,77.3
175.6,67.9
167.9,84.0
177.9,62.2
163.0,101.1
133.5,32.0
173.0,82.6
88.5,11.8
156.4,98.8
164.6,87.1
163.5,64.0
166.6,81.3
149.3,37.2
120.1,21.9
181.9,100.7
165.1,114.6
159.8,98.3
174.6,128.3
155.9,135.0
171.0,69.4
165.7,76.7
97.2,14.8
193.1,94.4
165.2,76.5
154.2,56.7
105.8,16.6
175.5,87.8
190.0,121.1
172.2,60.0
177.9,101.7
158.9,76.2
95.9,14.9
164.5,58.3
164.6,76.5
133.4,29.8
143.9,57.5
168.1,76.2
154.1,74.5
170.1,82.5
166.3,71.1
177.6,98.7
166.9,84.6
158.7,86.4
189.6,145.7
160.2,45.1
166.5,80.5
181.1,88.0
155.0,71.7
160.5,106.2
158.0,69.6
157.7,60.1
178.1,110.6
163.0,44.0
163.1,54.3
172.1,70.6
179.3,60.4
155.3,97.9
178.1,97.5
138.3,50.4
114.1,19.6
189.4,98.0
131.4,25.7
180.0,109.2
182.8,84.3
159.7,55.1
158.9,75.5
171.9,113.6
173.0,70.1
146.5,45.1
171.3,78.9
166.8,110.4
166.0,45.4
160.6,78.2
84.1,10.5
161.4,72.3
168.9,76.0
176.1,98.3
176.5,97.2
178.1,65.9
155.8,66.3
156.1,72.5
153.4,53.3
148.8,58.4
160.8,70.6
157.8,62.6
136.9,26.9
180.9,97.1
161.2,51.0
170.6,104.4
168.7,53.9
159.9,66.7
170.6,81.0
150.3,47.5
167.3,83.8
185.3,79.6
176.6,99.5
163.0,135.6
159.3,63.3
175.4,101.4
174.1,87.7
186.0,118.6
168.8,100.7
168.1,92.9
102.8,15.0
169.7,74.9
95.4,14.7
184.8,108.4
170.0,69.0
172.8,77.9
155.0,78.1
151.6,68.1
177.2,58.3
181.0,103.3
134.3,29.6
85.5,12.3
167.1,73.1
159.7,73.2
175.5,91.9
167.4,83.7
173.4,54.8
117.6,20.8
163.7,68.1
167.4,57.9
152.7,53.8
177.2,69.8
159.0,87.1
166.2,55.0
159.3,95.3
152.2,44.4
157.9,72.9
181.6,62.2
126.2,33.0
151.6,64.7
171.3,99.9
153.9,39.6
169.4,72.3
176.8,68.5
165.0,131.8
161.9,99.0
179.5,59.2
154.3,79.4
150.1,56.4
136.2,32.9
177.2,86.9
167.1,87.3
91.0,13.2
159.7,58.6
108.6,17.3
164.6,76.9
183.6,105.1
167.2,89.6
190.9,78.6
188.4,98.6
180.0,86.2
131.4,27.4
151.2,65.2
176.3,86.9
188.0,105.5
175.7,84.9
170.7,124.1
100.1,17.6
165.6,85.6
161.3,71.4
96.9,13.6
151.8,70.9
183.5,104.5
166.2,75.0
185.4,89.7
167.6,85.3
168.9,90.3
136.2,42.8
173.1,85.5
177.1,56.3
151.0,72.5
155.9,64.7
100.9,17.9
164.7,75.2
170.4,130.3
168.9,91.1
173.6,74.2
129.7,29.3
176.6,112.2
169.4,75.1
153.3,51.4
87.3,13.5
153.5,69.6
159.1,60.5
151.6,78.0
160.8,64.7
148.8,70.5
132.7,25.6
157.5,52.3
180.4,111.7
163.1,70.1
179.8,65.1
123.5,23.4
103.5,16.7
185.5,109.7
153.4,58.1
174.8,102.0
158.9,69.4
147.7,52.1
181.0,110.5
163.5,131.8
153.8,57.7
153.7,64.0
177.1,83.3
172.5,79.9
173.0,61.5
167.8,61.7
147.2,43.2
164.6,88.9
152.9,69.3
103.9,15.6
184.1,146.3
167.5,68.6
161.5,65.2
148.8,102.4
153.5,64.7
149.1,50.9
185.1,53.7
159.1,81.0
137.2,27.3
188.2,76.3
166.8,104.8
126.3,28.0
113.5,20.5
163.2,64.3
136.5,28.2
160.1,66.7
164.1,90.6
122.6,25.3
137.2,35.5
180.9,89.6
157.1,48.8
111.2,23.4
109.1,21.2
168.1,65.7
176.1,113.0
162.9,55.6
175.6,60.7
168.8,94.3
174.5,66.9
147.6,98.2
178.5,83.3
162.1,63.1
183.6,94.0
169.8,86.3
127.3,28.5
157.7,62.4
163.9,92.6
171.7,160.9
163.5,66.9
182.6,117.9
171.6,117.1
163.7,103.4
157.1,67.7
161.7,95.5
134.0,38.7
155.3,68.5
160.7,37.6
161.1,69.7
167.5,62.9
151.4,63.9
101.7,17.1
162.6,41.2
169.4,57.9
112.3,20.7
172.9,73.9
114.0,19.8
180.1,119.4
163.9,72.9
166.0,78.6
160.5,92.2
172.5,85.3
150.7,42.4
170.9,70.2
111.8,17.4
105.0,16.9
159.4,80.7
168.0,69.9
97.2,14.9
141.1,36.3
173.1,78.6
180.0,100.8
126.0,33.5
141.6,38.9
161.4,118.4
163.9,69.3
157.0,81.6
83.3,9.5
151.0,39.3
171.6,71.7
152.5,53.6
172.6,117.3
103.0,16.0
181.8,73.1
162.0,47.2
165.9,50.9
180.1,115.2
176.2,130.5
162.3,59.1
175.6,72.3
149.4,57.7
175.8,98.3
152.5,76.1
150.5,61.3
176.8,79.7
169.3,82.0
171.9,78.8
118.1,24.3
159.3,83.3
166.2,81.1
159.5,57.0
157.3,76.8
164.8,107.1
93.0,14.9
167.8,99.0
179.8,93.8
129.8,24.1
174.0,99.7
125.1,36.0
169.5,76.8
150.7,65.5
171.7,68.5
156.5,57.1
163.2,65.1
163.4,107.9
165.5,85.0
157.5,104.9
185.7,133.7
117.6,23.8
174.4,64.1
176.5,86.3
164.8,49.9
162.4,53.8
132.7,33.9
157.6,48.9
159.2,90.8
156.6,52.7
161.2,99.3
160.7,69.1
161.4,126.1
177.9,92.6
185.1,90.2
168.7,104.6
113.9,17.7
165.8,77.3
160.4,84.9
161.9,93.5
122.5,22.4
164.8,64.6
172.4,51.9
166.1,110.7
158.4,63.0
185.5,75.0
167.6,131.1
113.9,17.3
164.9,63.3
126.5,22.1
139.8,33.4
160.4,52.3
175.2,69.9
177.7,93.4
160.4,56.3
177.7,66.6
113.5,19.0
161.6,77.8
164.4,78.6
180.7,95.9
95.8,14.9
153.7,82.6
173.2,79.4
165.1,65.2
108.3,19.2
160.6,52.6
173.3,93.8
121.5,23.2
170.0,80.1
155.5,61.8
182.2,89.8
163.6,54.6
160.5,126.2
169.8,101.5
163.8,95.0
182.2,158.5
129.6,36.5
109.7,21.8
174.4,83.4
146.7,57.5
172.9,110.2
97.2,14.5
157.6,42.3
160.5,50.2
160.6,69.1
146.5,43.1
121.7,35.1
143.5,74.4
174.1,123.5
156.1,55.0
165.1,89.8
165.1,106.8
134.6,28.2
159.8,84.1
93.6,12.5
108.9,18.1
124.9,23.5
172.6,127.6
154.0,69.4
92.1,15.5
170.8,67.6
120.2,21.6
181.5,75.2
169.7,69.3
172.5,83.0
165.6,55.7
164.0,102.1
184.1,99.7
84.1,12.1
164.8,71.8
168.0,48.2
165.3,85.1
99.0,17.4
179.1,185.0
122.0,28.4
162.7,71.1
178.9,103.3
109.5,19.0
157.5,50.1
186.9,131.2
123.9,25.3
152.6,111.7
95.6,13.4
154.5,60.7
103.1,17.5
148.1,49.7
167.9,89.9
178.4,69.7
184.6,73.9
174.5,62.0
121.4,21.6
170.3,78.8
156.8,83.1
126.7,23.3
176.9,75.3
165.6,88.2
171.1,104.1
164.2,68.6
167.5,59.9
174.4,83.0
158.2,79.9
160.1,63.9
158.4,66.7
147.8,63.3
166.0,108.0
156.5,75.6
161.9,78.8
190.7,73.3
181.7,62.2
171.9,149.7
158.1,100.3
152.6,73.5
186.0,59.0
172.4,89.2
146.3,69.9
178.8,94.3
100.7,15.5
174.1,58.7
162.6,64.0
193.9,131.9
160.2,66.1
162.0,46.9
173.9,84.6
159.0,61.4
149.4,71.7
157.0,59.8
142.9,57.1
165.2,78.7
155.2,74.9
186.5,104.1
129.0,27.5
156.3,67.6
135.3,33.0
165.2,80.8
183.2,87.6
170.9,68.2
154.5,52.1
159.8,88.7
178.9,81.2
157.0,55.7
166.6,78.3
173.4,124.5
159.4,56.9
137.1,38.6
173.0,65.3
119.0,25.3
124.6,24.3
163.6,114.6
114.8,27.6
104.3,17.3
133.9,33.5
160.7,70.9
165.1,79.7
164.8,84.7
158.1,44.1
152.0,48.9
147.8,44.1
176.9,76.2
140.4,38.6
130.3,27.2
166.7,74.4
161.6,52.1
174.4,75.3
153.3,63.5
169.0,61.4
159.0,143.0
167.0,75.3
130.7,25.1
167.4,69.4
148.1,30.9
92.0,14.1
171.4,111.9
172.7,65.7
174.1,137.3
156.1,80.6
137.7,45.2
189.3,120.1
154.8,67.4
170.2,158.2
179.4,100.9
172.9,110.9
168.0,70.4
173.1,61.0
174.3,93.8
171.4,96.8
152.6,77.4
171.9,56.1
156.8,95.9
170.4,119.1
180.0,111.6
179.6,84.5
175.3,116.1
158.4,58.6
168.3,65.5
159.2,109.4
164.2,55.7
163.2,55.9
136.5,31.1
161.6,98.3
132.5,38.4
150.9,82.0
167.7,113.0
87.3,12.9
161.7,71.0
163.4,70.6
86.6,12.5
180.1,81.0
172.3,73.6
161.2,81.3
139.7,47.5
155.1,86.6
156.5,67.3
165.9,61.1
109.8,19.9
180.5,84.8
185.8,63.7
119.1,23.5
170.6,77.8
105.0,26.5
185.1,76.4
185.2,154.3
154.7,64.1
154.7,93.6
161.9,70.6
159.8,93.4
172.6,92.7
162.9,62.3
161.8,77.2
157.4,71.4
104.5,19.2
169.9,87.8
158.8,83.8
169.0,104.5
89.6,12.0
153.6,61.7
174.5,53.9
172.3,86.3
161.9,92.2
134.2,28.5
105.3,16.7
172.0,70.8
140.5,37.0
178.7,131.4
145.7,97.2
163.6,63.4
143.3,58.4
163.0,91.0
145.6,70.4
151.3,59.0
149.2,66.4
142.5,27.8
157.5,43.6
156.5,64.3
161.8,74.0
153.5,70.7
159.8,70.3
128.7,28.6
170.7,97.2
109.7,21.6
160.0,77.8
179.1,84.4
178.4,90.9
109.1,21.6
167.0,88.9
164.6,66.7
149.1,78.3
176.0,123.8
144.9,34.0
157.4,79.7
192.3,161.6
161.7,59.5
152.0,76.1
149.1,65.3
143.4,32.9
100.9,18.3
174.3,105.0
163.2,157.4
166.3,59.0
161.5,51.4
129.6,27.1
147.8,39.9
144.7,37.5
111.8,27.0
97.0,14.0
178.3,83.0
134.9,35.2
102.3,16.3
89.7,12.1
89.4,15.6
174.8,91.7
169.5,104.6
160.6,101.5
160.9,78.5
168.2,75.8
172.3,101.0
158.7,106.2
179.5,83.3
184.9,117.1
161.4,68.4
171.9,58.3
166.5,65.0
120.8,23.6
175.3,95.9
127.3,26.9
147.0,38.2
170.9,114.8
80.0,9.8
137.4,35.7
172.5,72.8
176.2,121.9
180.3,59.4
156.0,50.7
160.8,56.3
177.0,72.6
154.1,83.5
157.4,69.2
161.0,47.3
169.3,67.8
160.6,67.9
151.6,57.7
155.6,79.9
160.3,44.8
153.5,37.4
118.7,18.4
155.6,69.9
172.6,97.1
114.6,21.1
151.2,50.3
176.7,97.0
98.0,15.4
155.1,68.4
124.3,28.7
136.8,28.7
169.1,47.7
157.1,58.7
144.8,35.2
166.7,73.5
151.2,54.8
162.6,79.0
148.9,63.8
180.0,86.9
159.3,59.5
173.8,76.9
158.2,47.8
163.1,70.4
180.0,124.0
121.0,23.2
156.2,81.4
159.1,87.5
173.8,108.1
182.1,86.8
179.4,107.7
167.9,64.5
154.5,39.4
154.6,84.6
178.8,86.2
170.1,72.0
159.3,79.9
165.6,136.5
103.5,15.9
165.1,71.4
173.2,64.3
171.0,73.9
154.5,50.6
166.8,74.7
178.4,67.8
172.2,62.1
117.8,20.5
195.5,105.7
169.9,81.4
163.1,96.4
140.2,31.7
156.8,84.1
165.2,84.2
154.6,49.4
154.0,64.4
170.9,54.6
154.9,66.4
155.1,56.9
90.2,12.5
162.2,57.4
176.0,120.8
172.4,76.9
161.2,87.4
170.0,87.4
168.4,47.3
147.5,52.2
168.7,79.5
148.2,73.1
175.9,90.3
139.2,45.3
157.6,47.1
166.1,64.5
183.6,94.7
179.0,58.5
151.3,59.8
142.0,48.7
178.9,104.2
170.4,76.0
178.1,93.1
163.4,61.0
171.6,89.0
117.8,30.6
160.5,75.7
137.4,39.4
156.2,88.7
172.3,82.9
159.7,94.6
164.6,50.5
187.7,71.8
171.0,106.4
170.0,49.8
173.4,80.5
172.6,83.7
92.2,14.4
149.5,39.1
174.6,72.5
151.1,66.4
156.2,67.4
168.0,63.8
159.9,69.9
136.8,31.1
107.1,15.5
165.6,71.7
154.2,117.9
183.4,95.1
157.9,103.9
172.0,88.3
164.9,59.9
161.5,50.7
180.9,84.9
177.6,109.5
163.5,58.8
170.6,73.3
151.7,41.4
154.3,51.2
128.0,24.1
175.8,72.3
176.0,99.7
102.6,17.3
169.0,62.8
154.9,51.8
159.9,79.2
175.5,68.2
101.7,17.4
152.4,57.1
185.8,98.5
173.8,97.0
164.1,81.6
177.7,87.8
128.5,34.4
184.7,98.2
144.4,32.3
190.2,97.8
166.2,107.6
171.9,84.9
165.1,98.9
180.2,101.6
168.6,60.0
153.1,67.8
147.9,64.8
162.1,92.8
142.7,90.8
163.5,48.3
167.8,71.3
150.6,36.5
179.8,104.9
176.4,89.0
172.4,69.8
156.1,54.2
162.9,46.7
161.2,67.2
178.7,76.7
157.4,41.4
151.4,64.3
172.5,56.2
155.8,92.1
162.4,70.1
125.5,29.5
172.3,115.1
160.7,56.4
160.7,89.9
96.7,17.2
143.1,41.9
179.2,99.8
88.7,11.7
174.4,73.5
158.4,73.1
181.9,93.1
165.3,54.0
167.8,102.4
162.4,84.8
164.2,72.2
150.0,80.4
160.6,83.3
159.5,73.2
150.8,51.5
185.7,145.2
154.9,60.4
181.6,98.7
110.1,16.7
87.6,12.4
96.9,15.6
164.4,64.7
176.9,62.3
160.3,56.2
170.6,60.4
155.9,70.4
154.3,77.2
152.7,61.5
166.0,77.7
197.7,97.5
114.8,22.8
161.1,67.8
156.1,52.3
180.3,109.7
166.7,148.6
176.6,122.8
168.6,59.6
164.4,87.6
161.0,52.1
185.9,88.9
149.1,45.1
169.0,70.6
174.9,63.5
154.8,75.3
174.9,99.0
186.2,82.5
164.5,79.0
150.4,94.3
157.0,54.3
154.8,75.5
105.3,15.0
135.7,33.5
118.2,20.9
173.2,69.3
168.0,103.9
143.8,55.4
163.9,54.4
171.1,124.1
158.9,69.5
153.6,70.3
165.3,52.2
168.0,120.8
150.1,55.3
158.6,71.2
185.2,104.8
160.0,74.6
177.4,89.7
174.7,102.3
180.9,56.3
159.1,60.3
167.3,55.7
160.5,64.9
168.0,76.1
152.9,65.2
154.0,53.6
117.1,22.2
172.1,80.4
163.8,48.7
166.8,106.4
127.4,26.5
172.2,72.0
125.5,26.2
165.8,62.7
130.7,25.9
97.3,14.8
161.8,105.1
174.7,93.0
159.2,60.8
108.8,19.0
130.0,28.4
151.9,61.5
154.8,83.0
139.1,28.8
160.8,60.9
119.3,21.4
168.6,51.6
159.6,63.4
170.1,45.5
165.4,62.7
176.6,92.0
162.3,79.7
171.5,70.8
175.0,66.0
163.0,99.1
171.1,80.0
177.2,88.0
192.5,146.6
184.8,85.9
182.8,90.4
167.5,95.3
160.7,42.4
173.3,54.5
184.9,124.8
136.7,46.2
154.5,40.9
168.8,110.9
183.7,94.0
89.7,14.6
168.8,67.4
166.3,78.8
139.7,56.0
161.4,119.0
143.5,33.5
165.8,75.2
155.3,58.1
170.1,90.0
123.5,46.0
169.1,91.8
144.8,36.3
178.0,100.7
139.3,32.9
174.4,81.1
171.1,79.3
158.2,52.8
172.6,75.1
161.8,84.4
175.8,191.4
157.5,73.2
156.1,80.8
153.6,96.4
170.4,91.3
177.4,77.5
180.3,155.6
151.4,70.1
170.2,83.1
105.2,17.6
158.6,87.8
167.7,90.7
155.8,103.1
168.4,85.6
179.3,129.6
164.1,58.4
184.8,120.1
172.4,73.2
160.8,65.1
157.4,51.9
154.4,105.1
112.2,21.6
125.1,26.4
175.8,68.0
166.8,81.3
165.9,69.2
124.8,24.8
166.6,57.2
172.9,44.3
94.8,14.4
159.6,120.1
167.3,78.7
169.0,81.8
166.9,66.9
179.5,69.2
171.0,104.4
173.4,89.2
175.6,111.6
177.5,104.7
171.8,81.4
161.3,57.8
97.2,17.4
164.2,76.3
186.5,80.6
175.3,79.8
159.9,68.5
109.3,16.6
190.5,94.3
159.6,61.9
92.0,13.2
163.0,85.7
165.9,73.3
165.0,72.9
181.9,132.3
163.9,110.4
173.4,100.7
169.0,86.2
166.3,65.4
184.8,77.6
157.6,62.2
181.8,85.9
175.0,78.7
174.8,68.8
167.0,72.6
164.9,53.9
163.4,57.4
167.7,123.9
165.2,94.6
159.7,42.5
152.6,43.1
162.8,65.0
173.0,78.2
117.7,24.7
180.4,96.6
168.1,87.2
165.3,93.9
163.6,51.2
126.2,23.3
167.7,91.5
146.1,36.9
162.8,85.9
156.7,71.7
179.0,106.5
155.9,51.1
98.9,15.0
110.5,19.5
174.1,79.3
153.8,47.2
181.0,75.3
156.3,68.2
179.8,117.0
180.5,74.3
173.6,119.6
156.3,87.0
172.4,95.1
166.4,67.0
160.6,82.1
166.0,75.7
174.2,86.2
165.9,70.0
162.4,77.0
160.7,66.4
156.5,80.6
168.6,75.5
101.0,19.0
159.9,66.9
169.7,124.8
167.6,98.4
167.0,144.6
172.9,153.9
163.2,51.9
129.6,27.7
156.4,79.3
177.1,198.7
157.8,91.1
121.7,25.2
115.9,21.1
151.5,64.7
169.8,103.1
180.7,111.1
152.6,48.0
154.7,62.5
106.7,20.0
168.1,84.8
160.3,52.6
174.4,95.1
176.2,105.8
158.2,54.6
185.2,147.1
167.1,133.7
160.9,136.6
188.7,83.7
150.3,97.7
134.2,33.4
146.1,80.2
160.2,73.6
176.4,76.9
148.7,52.7
163.2,88.1
178.9,131.3
166.4,123.0
178.3,118.1
124.2,25.2
135.5,54.3
174.7,58.3
161.8,54.8
160.5,59.7
161.4,91.6
174.7,79.4
158.3,68.0
158.7,68.8
117.6,28.9
153.9,52.3
159.8,51.2
163.2,57.0
185.0,150.7
182.0,71.7
184.0,79.2
128.0,23.8
158.5,60.6
160.1,63.4
163.1,64.1
164.4,106.8
151.1,64.3
164.5,71.6
175.1,107.0
128.0,28.4
186.2,137.2
131.0,30.2
180.4,115.7
174.2,81.7
171.5,90.1
114.8,22.7
106.6,16.8
108.2,17.4
174.6,125.3
163.3,100.9
171.9,63.5
112.7,18.6
176.2,85.4
153.1,65.1
159.6,78.5
157.5,60.0
178.2,90.0
178.1,89.5
164.0,68.9
156.0,54.4
183.0,76.4
114.3,22.0
187.0,99.1
178.7,78.0
170.4,60.7
173.5,58.6
97.7,12.8
176.8,85.9
172.2,78.0
148.7,34.7
165.3,88.8
181.2,99.9
108.4,19.0
172.3,167.5
171.1,103.1
168.1,75.9
164.4,109.3
128.4,26.5
163.0,74.7
171.6,132.2
173.6,85.6
173.3,61.1
161.1,85.4
168.7,89.3
176.7,73.6
113.7,18.6
161.0,53.4
159.7,125.1
154.8,51.2
172.7,72.1
151.2,66.0
169.2,107.5
162.2,52.3
158.0,86.6
111.4,21.3
148.2,43.6
167.5,50.6
163.3,74.2
165.3,67.2
171.3,101.7
183.2,103.7
109.5,18.1
172.5,67.4
165.7,70.9
109.9,24.4
162.1,62.4
179.9,136.1
172.5,87.6
98.6,17.1
158.1,109.9
161.8,67.3
164.6,135.0
166.2,86.5
168.5,92.3
179.4,100.5
164.1,85.0
165.9,86.8
146.7,76.6
160.3,70.2
168.2,85.0
152.5,65.1
105.7,18.9
111.0,16.9
175.9,66.8
179.2,86.9
149.3,71.0
170.7,86.7
176.2,122.4
159.5,67.6
157.4,57.2
171.2,53.1
169.3,88.0
179.6,82.3
162.0,74.1
156.5,64.1
169.8,69.6
170.3,70.2
130.7,28.2
94.9,14.9
172.3,94.2
171.6,105.6
151.5,63.2
145.2,41.1
103.3,15.0
191.8,125.2
149.8,58.5
107.9,18.2
191.9,105.8
155.1,91.7
98.9,16.2
136.2,32.6
135.5,31.2
177.9,140.0
178.3,97.6
133.7,29.0
176.6,57.3
170.4,108.1
185.6,77.2
176.4,100.8
159.0,59.9
123.4,19.9
173.2,68.3
135.9,26.3
167.8,65.2
160.6,39.9
165.1,105.5
130.4,41.8
167.7,62.2
156.6,65.8
158.0,75.9
159.2,56.1
155.4,89.6
158.5,67.6
125.7,25.2
160.2,71.7
173.9,121.4
159.6,76.5
176.8,176.5
124.1,45.2
165.1,92.0
153.5,53.2
173.3,97.1
160.3,76.7
169.7,79.9
173.2,83.7
130.2,26.0
163.5,104.5
174.0,75.4
169.7,126.4
173.8,57.9
156.8,62.8
124.0,27.0
167.9,77.0
164.5,82.8
160.8,67.9
157.7,48.1
167.4,93.2
164.9,73.1
153.2,51.1
171.0,77.3
168.7,68.1
92.6,13.6
154.5,58.9
172.2,74.6
117.1,19.7
180.5,83.9
157.1,82.8
171.0,82.5
178.4,88.4
166.4,88.0
170.1,101.3
153.4,79.1
98.9,18.4
159.9,86.6
175.5,92.6
105.2,18.3
161.5,73.0
182.6,149.8
177.6,146.8
114.0,23.4
161.3,79.0
136.4,34.3
157.7,106.3
90.2,13.0
181.5,84.7
141.0,52.8
104.3,17.2
181.6,66.1
155.9,46.7
106.0,15.8
125.4,24.4
160.3,80.3
167.9,67.5
157.7,71.1
164.4,48.2
162.6,86.8
108.0,18.1
156.8,93.3
103.1,14.9
155.6,73.2
165.6,63.3
164.5,70.3
184.4,91.1
158.8,66.2
155.7,46.9
171.4,68.2
161.6,67.5
155.1,63.6
154.4,59.7
182.2,124.0
168.7,73.4
160.6,84.8
169.6,86.7
182.3,88.0
153.0,97.8
162.0,57.1
164.1,82.7
177.1,71.4
177.6,79.6
163.8,46.4
166.2,76.3
157.0,69.3
160.9,84.7
170.2,65.5
160.9,56.9
155.0,39.6
127.8,29.4
189.1,106.8
130.6,24.9
159.0,85.1
176.9,83.9
162.0,57.6
164.4,55.1
126.1,24.4
102.7,18.2
180.5,93.0
175.1,103.1
162.5,84.6
160.2,57.2
150.7,102.7
184.8,123.8
170.2,85.3
108.7,18.3
171.3,53.4
165.1,87.5
186.8,115.2
168.1,69.8
94.3,14.1
158.0,79.5
168.7,83.9
153.0,81.5
84.3,11.6
162.4,96.3
184.3,123.5
163.9,131.6
167.1,53.4
125.4,24.9
150.9,46.9
132.2,40.2
184.4,90.8
149.8,54.7
139.0,29.0
157.3,131.7
174.8,111.0
154.6,55.4
161.3,76.0
160.6,82.4
167.7,118.9
172.9,64.3
155.1,77.9
171.0,115.8
88.7,12.7
157.1,49.6
171.9,119.6
169.5,93.3
182.7,96.1
160.3,48.4
183.9,107.8
164.9,83.6
162.1,96.7
132.7,27.4
182.2,92.6
160.2,56.1
93.2,13.2
175.7,56.9
168.0,84.6
159.2,76.9
151.1,56.0
172.8,108.8
97.8,14.3
149.5,67.8
170.5,101.8
167.8,110.2
161.4,55.8
159.9,70.2
182.0,110.5
90.4,13.5
178.0,91.6
149.6,84.9
165.5,61.4
175.5,80.2
167.0,79.7
156.9,63.6
176.2,65.5
160.5,57.5
172.5,67.7
167.3,64.9
165.2,80.7
156.4,79.6
166.3,95.1
184.0,75.1
157.3,162.9
154.2,50.3
152.2,54.5
104.3,20.0
155.7,53.5
173.4,84.1
120.6,20.8
163.7,77.9
171.9,102.6
96.2,16.2
180.6,112.2
158.6,84.7
176.2,64.4
121.0,21.2
163.6,48.9
155.5,58.8
178.0,47.9
168.8,105.9
156.6,68.6
157.2,49.9
167.2,63.7
163.1,87.9
133.6,35.2
155.2,57.3
122.9,27.3
166.5,64.6
150.7,49.8
117.8,20.9
152.3,86.0
164.3,108.3
149.9,87.3
156.9,68.7
159.1,73.0
176.0,66.5
163.0,66.8
166.3,79.2
146.4,46.7
182.1,116.9
157.2,71.7
177.7,117.3
157.0,80.8
153.9,71.6
181.3,107.5
162.9,67.0
154.7,83.6
157.4,65.3
171.2,84.5
179.0,71.1
175.0,65.1
116.9,19.9
155.7,68.5
183.4,92.0
182.4,79.6
162.3,74.6
176.7,93.2
170.3,96.6
120.0,20.7
151.8,57.1
150.7,119.4
161.7,60.0
172.3,54.8
142.4,44.1
140.9,41.7
170.4,66.6
156.3,128.1
181.7,83.0
155.4,59.7
157.3,102.8
99.4,17.2
182.3,98.8
157.9,64.5
140.1,42.8
155.5,75.0
178.8,73.8
157.5,63.4
161.1,90.8
168.1,83.0
171.2,73.8
159.1,74.8
125.7,28.3
170.2,58.4
171.7,59.5
163.3,53.0
173.9,86.3
138.3,31.2
165.7,62.7
177.6,81.0
120.7,24.4
179.1,87.3
148.7,57.0
162.4,84.5
189.0,82.7
171.6,83.0
155.3,83.7
162.8,83.8
170.9,73.3
173.2,65.1
152.4,95.2
155.5,47.8
161.4,63.9
153.1,71.6
184.1,87.2
165.8,56.0
164.0,55.3
153.5,88.2
133.4,30.2
180.2,86.6
117.1,20.3
151.9,63.7
156.3,72.1
140.7,41.9
165.9,75.5
171.3,81.8
172.6,62.2
166.0,99.0
153.1,74.8
170.0,53.0
167.9,88.2
165.1,57.8
156.1,71.1
166.7,77.1
89.9,13.8
163.0,65.1
91.2,13.6
161.7,75.0
149.4,49.1
142.7,30.7
173.8,57.5
153.0,66.2
92.6,13.0
85.7,12.4
151.5,79.9
157.8,66.1
183.1,93.3
174.3,87.4
140.0,41.8
126.5,27.5
161.1,95.6
176.1,90.4
161.8,85.3
172.0,124.0
169.5,94.6
90.5,14.7
95.5,17.0
109.7,17.2
166.9,57.1
151.5,74.8
165.1,52.9
163.2,95.7
173.2,99.2
178.1,56.0
164.1,68.6
174.7,110.6
149.3,54.1
159.7,42.3
157.9,60.8
177.2,79.6
169.7,81.5
146.3,47.9
164.1,52.2
177.8,129.3
98.2,13.3
156.2,58.4
163.1,55.0
156.3,56.3
158.9,62.0
152.7,43.0
165.0,83.6
170.7,98.1
174.4,78.5
143.2,33.3
134.6,37.0
160.6,73.0
146.5,33.2
163.8,62.0
105.1,16.8
156.2,62.6
155.7,71.5
134.9,31.3
156.6,66.5
164.6,61.6
170.7,61.8
163.8,105.0
151.1,81.5
165.3,118.3
163.0,82.5
166.5,42.3
172.1,120.9
187.9,111.1
183.9,82.9
106.4,19.2
164.3,58.1
154.0,52.4
150.6,59.5
168.4,90.1
146.0,34.0
154.1,82.6
162.0,74.1
165.9,85.9
159.3,86.7
169.5,124.3
177.4,117.3
165.5,59.1
168.9,109.7
166.9,74.4
174.4,121.7
177.8,84.5
167.6,73.6
185.5,91.3
148.2,51.8
182.1,137.7
136.7,40.2
158.9,98.8
181.7,80.0
172.5,106.5
154.6,70.5
162.7,83.7
104.0,18.8
182.6,60.1
176.2,63.7
166.4,67.1
171.5,67.5
167.5,75.6
112.9,25.0
159.5,60.0
148.6,41.9
160.7,50.7
170.2,73.6
134.1,41.9
102.5,17.1
124.4,23.9
162.0,107.2
171.6,103.8
173.1,81.5
151.8,46.0
154.4,67.7
175.8,92.8
140.3,36.7
109.4,20.5
162.6,68.1
131.7,28.7
157.4,57.8
157.0,75.1
155.3,54.3
178.3,86.6
115.5,18.1
160.3,55.0
157.9,97.9
161.9,99.8
173.3,58.7
100.6,16.9
138.1,30.6
166.2,88.9
172.4,74.1
174.5,101.6
157.2,41.9
185.3,74.5
103.8,20.9
109.8,17.3
173.6,81.4
165.8,72.8
143.2,34.5
100.4,14.0
131.7,27.8
181.4,78.3
122.9,21.2
166.8,82.6
166.5,60.7
178.6,96.9
164.3,70.5
152.1,42.9
162.7,93.0
165.1,119.0
161.2,73.9
155.0,71.2
132.1,39.4
154.9,84.7
169.7,76.3
104.7,16.2
171.1,101.7
164.8,60.0
117.7,22.7
167.7,84.2
161.5,45.7
175.1,122.1
183.2,94.4
106.5,17.0
144.8,32.8
175.0,69.6
156.3,62.0
131.0,23.7
154.5,67.0
170.1,62.7
166.0,58.1
171.4,98.3
154.4,38.5
147.2,36.7
159.6,76.1
87.6,13.5
160.0,78.7
160.7,130.0
179.0,112.0
183.0,96.8
168.2,66.5
156.4,94.1
145.3,59.7
163.0,119.6
89.3,11.2
167.4,66.9
99.7,16.1
179.3,70.2
87.8,11.5
130.7,25.7
162.2,168.9
146.8,66.4
178.2,84.6
155.8,57.5
111.2,19.7
154.5,144.7
163.8,95.6
143.4,40.9
144.7,34.0
153.8,60.9
170.9,81.2
154.9,51.9
160.7,101.0
166.1,98.7
113.4,23.6
172.4,69.4
181.8,117.8
114.9,19.8
160.1,80.3
179.0,63.4
169.2,73.8
163.2,123.4
178.4,151.1
161.6,57.1
160.6,73.0
173.8,61.1
159.5,46.1
157.0,71.7
182.7,106.5
113.1,19.6
153.6,40.3
166.1,86.2
176.4,68.6
176.8,73.3
156.7,72.6
165.2,71.0
169.2,103.6
154.1,79.7
180.1,118.3
93.9,15.8
128.4,27.9
174.7,94.9
150.3,82.4
111.4,21.5
163.4,62.4
151.9,56.3
161.4,70.0
163.5,63.1
162.1,54.6
175.0,77.9
160.3,76.5
156.9,77.2
161.8,65.0
173.0,79.3
176.4,100.7
131.1,24.2
146.8,56.0
180.2,105.6
167.8,90.2
182.8,98.2
165.9,84.1
175.8,57.0
180.6,95.0
158.8,61.8
153.7,53.8
169.6,53.8
168.0,103.0
147.3,65.2
157.8,62.9
84.7,10.5
167.1,71.6
175.3,85.7
128.6,22.1
167.3,102.3
168.4,75.4
137.4,34.5
135.8,37.3
174.7,73.5
153.0,57.4
166.3,67.3
175.4,76.5
166.7,120.2
157.5,48.8
179.1,57.9
163.4,69.9
158.0,84.0
156.3,62.8
161.8,97.2
173.8,92.3
90.2,12.8
162.8,65.6
152.3,57.3
159.6,60.1
172.2,71.7
166.9,69.9
176.5,77.9
181.2,81.7
115.7,27.6
100.9,17.1
88.2,12.4
176.0,56.8
178.1,94.9
171.7,89.7
158.6,115.2
163.6,54.7
144.7,52.1
157.9,76.6
146.8,43.6
165.0,87.3
149.7,67.4
175.9,161.4
163.5,59.7
166.6,80.9
165.6,100.0
152.7,79.3
151.6,67.8
176.5,81.1
168.4,95.7
161.9,64.2
167.0,97.3
164.1,104.9
174.0,128.1
137.0,29.1
148.9,49.5
164.8,126.3
157.0,75.0
144.6,67.3
171.2,61.9
97.3,17.0
188.0,130.6
162.1,54.1
116.9,25.6
161.1,72.3
116.4,25.3
163.1,69.3
87.0,14.9
92.8,14.3
166.9,91.5
158.6,110.2
174.7,170.8
164.1,71.2
167.0,89.1
145.9,70.8
150.4,75.2
143.9,41.8
164.9,71.0
160.8,68.7
121.8,23.3
152.3,61.2
115.1,19.7
118.2,21.3
155.0,66.2
162.7,134.5
167.9,110.5
134.4,34.2
156.2,105.5
168.3,98.1
163.0,84.3
166.5,77.2
163.0,95.5
155.0,69.0
181.5,80.1
192.9,82.9
156.9,65.6
105.5,18.2
184.9,142.9
169.3,90.4
159.1,92.1
150.8,83.2
170.2,69.4
171.6,90.8
126.1,27.0
168.9,87.5
160.3,84.2
105.4,15.9
146.9,49.7
167.1,92.0
165.9,65.5
164.9,87.2
153.2,41.3
170.2,65.9
174.7,95.1
168.9,77.5
183.8,86.4
168.3,55.9
165.3,75.8
155.0,70.4
190.8,164.8
179.5,69.8
159.4,109.6
153.9,38.6
147.2,40.9
176.4,107.2
138.8,33.0
177.1,72.9
161.4,49.0
168.6,82.0
160.1,58.5
162.1,58.5
177.0,66.2
166.8,64.7
182.0,85.5
166.6,72.4
161.2,57.6
173.9,86.2
152.7,62.6
173.2,114.9
195.5,150.6
155.6,38.9
154.2,47.0
160.9,154.6
153.9,102.9
154.9,100.2
165.0,68.8
166.3,93.0
167.7,53.3
171.8,74.6
156.2,59.3
188.4,113.4
161.7,73.3
160.6,70.3
162.3,111.6
175.6,131.7
163.5,76.6
169.0,83.9
158.5,51.0
169.3,76.4
149.4,74.1
174.6,85.3
158.7,49.6
158.7,82.3
124.9,27.3
171.0,72.6
163.8,124.6
175.0,82.4
165.6,71.2
166.3,54.1
176.6,72.9
158.3,74.0
168.5,82.6
143.4,33.8
172.1,114.4
185.6,78.4
166.6,67.8
161.4,62.1
165.9,74.7
157.3,55.9
178.4,93.4
176.6,85.8
167.5,83.4
179.3,81.2
170.1,99.4
116.9,21.1
103.7,15.9
170.6,65.5
165.3,61.0
155.4,67.1
186.5,130.9
187.5,87.4
154.5,75.6
138.8,36.8
165.0,88.2
133.8,32.6
154.1,45.8
155.9,76.2
86.5,12.2
123.5,29.9
162.6,70.2
171.9,90.0
97.2,13.6
174.7,78.5
171.1,80.2
162.1,67.6
175.7,191.3
174.3,108.0
165.1,75.8
108.0,19.9
158.8,84.9
164.2,43.2
137.3,34.0
171.7,111.9
169.7,73.5
165.5,91.6
147.0,35.8
173.4,89.0
143.0,43.1
158.8,58.7
158.9,53.5
114.6,24.1
148.3,82.4
172.6,77.0
150.7,52.5
159.0,66.2
140.6,29.8
120.4,20.9
166.6,61.7
105.5,17.3
162.3,85.3
176.5,60.6
175.7,96.2
137.8,45.4
177.5,113.8
121.5,31.6
170.2,85.2
138.2,35.1
148.4,79.8
154.4,67.3
126.2,25.4
168.8,86.1
147.9,54.7
163.2,82.3
119.9,24.7
166.0,59.2
162.6,83.0
166.7,71.6
99.8,17.3
159.5,53.2
141.0,32.7
142.4,39.4
169.4,67.0
151.4,55.7
161.4,83.2
179.3,74.2
157.2,54.6
168.2,116.6
180.6,113.5
181.0,80.2
173.8,82.6
161.1,88.4
176.1,83.8
163.6,84.0
133.5,37.8
167.0,78.2
161.7,89.4
159.4,42.8
140.3,55.1
98.6,17.9
118.3,25.5
155.9,69.8
151.0,110.6
165.0,69.4
164.6,65.6
113.6,19.3
126.2,25.3
160.5,50.0
174.2,67.2
160.4,61.1
169.1,73.9
143.9,48.4
183.5,87.4
163.9,79.9
174.5,88.4
156.1,58.2
168.7,94.6
171.7,72.3
169.6,61.9
158.6,47.9
167.8,242.6
177.9,77.3
158.8,69.8
158.7,96.1
153.9,62.2
146.2,65.3
163.0,82.7
160.4,74.7
172.9,55.3
161.8,58.7
159.6,71.0
153.0,50.4
166.5,75.6
142.5,33.2
149.4,79.4
171.5,80.9
165.4,79.8
165.0,92.6
167.6,79.3
181.7,87.4
174.8,88.9
182.0,143.4
169.1,73.7
151.1,62.3
152.1,79.9
155.1,79.2
178.6,106.4
166.3,131.6
167.8,78.6
141.9,49.3
105.2,18.7
163.2,75.7
180.5,134.4
177.2,130.9
174.8,53.0
167.3,76.7
112.8,20.8
159.2,88.3
165.9,92.3
130.5,30.7
164.8,78.2
165.6,121.3
163.4,57.5
179.2,76.3
159.9,60.2
164.4,62.6
117.7,20.4
152.4,50.1
172.8,89.3
143.3,53.8
153.5,74.9
112.0,21.2
157.3,97.5
116.4,21.6
165.5,68.2
168.2,57.9
161.5,68.0
175.5,86.5
185.4,86.7
172.6,74.7
157.8,69.5
169.1,61.2
152.9,52.0
100.7,15.0
155.1,62.7
103.7,17.7
170.2,103.8
175.5,73.4
166.3,82.0
179.6,68.1
180.5,94.2
136.5,37.6
162.4,62.5
153.7,84.9
155.5,98.0
173.5,64.5
102.5,17.5
130.9,23.8
155.7,80.1
155.9,57.5
150.9,55.6
183.3,105.5
177.9,81.0
168.3,76.0
176.1,97.6
163.6,85.2
155.6,79.3
112.5,16.9
155.2,46.0
158.8,65.1
152.4,83.6
141.5,38.3
177.6,85.8
150.5,36.5
160.9,64.6
164.8,103.1
174.0,84.2
159.4,53.2
170.8,70.4
134.3,28.9
163.9,69.7
164.6,91.9
175.1,134.0
175.5,77.9
178.5,74.1
157.6,79.9
93.2,14.4
160.3,51.2
176.9,67.0
153.8,50.9
85.8,11.4
108.9,15.4
167.3,66.2
121.8,24.4
143.9,40.4
89.2,14.7
175.0,74.2
90.9,13.5
175.5,77.5
150.4,37.4
118.1,19.9
163.5,62.4
164.0,93.8
161.2,59.3
164.1,84.1
152.2,62.6
179.0,96.4
129.1,27.8
147.4,53.0
102.4,17.7
162.5,85.9
123.8,23.0
155.7,94.2
147.6,62.4
152.4,61.5
178.5,109.9
109.8,18.4
182.2,81.6
171.3,115.9
170.4,83.9
157.3,72.0
175.0,71.5
98.0,13.0
149.1,71.1
173.5,96.2
159.9,59.9
179.3,95.4
171.7,84.0
91.7,11.5
167.0,123.5
159.1,61.4
105.0,18.8
113.6,26.3
142.7,39.1
125.4,21.2
168.0,91.6
165.7,110.8
173.7,79.5
171.7,62.1
112.9,19.3
170.3,71.8
152.5,59.1
141.0,41.7
157.9,51.4
167.5,103.3
157.3,95.3
175.4,75.9
140.8,59.0
167.3,66.7
163.3,128.5
155.8,59.3
169.4,85.7
172.6,76.3
85.6,12.1
149.7,77.8
165.5,54.4
157.1,58.0
172.6,65.3
181.3,65.0
186.1,99.9
161.6,56.7
160.9,49.4
166.0,66.2
123.1,25.1
175.9,78.7
154.4,53.8
129.9,35.2
154.4,72.0
127.2,22.4
181.6,63.0
117.2,30.4
161.0,92.1
149.5,57.0
166.4,104.7
160.9,67.8
177.2,110.2
117.6,23.9
173.6,70.1
152.7,75.0
162.9,75.1
173.9,79.8
144.2,71.7
161.2,98.3
149.0,77.3
169.6,69.9
163.6,58.1
181.4,87.4
165.7,107.8
84.4,10.9
107.8,18.7
162.8,79.8
142.8,36.2
166.4,63.5
168.2,64.3
142.8,31.7
171.0,68.6
163.7,81.9
88.2,11.1
144.6,72.6
183.1,75.3
171.3,91.2
166.8,89.7
166.1,63.0
163.3,92.6
171.9,81.0
182.9,72.7
165.1,83.1
188.1,123.7
168.1,65.7
183.3,90.0
190.1,76.0
170.5,83.9
160.8,55.4
184.5,73.0
162.0,75.2
159.1,76.9
170.9,80.1
165.0,50.9
118.3,24.2
182.7,151.0
179.7,79.3
167.2,63.7
178.9,112.2
153.0,50.7
181.5,121.8
148.6,49.1
157.0,70.2
163.7,173.4
151.1,52.8
155.7,45.6
142.7,30.3
105.1,16.5
145.1,41.5
146.4,46.8
166.5,85.6
178.4,79.5
173.0,91.9
168.9,94.6
169.3,49.6
131.2,27.7
120.0,22.3
117.7,23.4
153.8,36.1
185.0,90.3
189.5,123.5
172.1,65.3
149.9,57.4
93.9,15.5
155.3,66.6
163.0,75.7
168.8,57.7
185.9,97.8
165.3,185.0
175.2,62.6
115.4,25.1
176.6,83.0
139.3,50.1
177.0,104.9
161.0,93.0
167.5,71.1
173.5,69.1
171.6,58.7
163.3,115.2
165.7,79.0
175.3,128.0
135.5,27.2
159.2,109.3
101.8,18.8
126.7,29.4
162.2,58.1
126.8,26.8
161.4,71.3
113.3,20.8
148.2,37.0
143.9,40.0
165.2,146.6
170.8,66.5
91.5,17.1
164.8,96.6
169.1,91.5
166.9,83.3
151.5,62.0
106.9,18.6
171.0,106.0
142.2,43.5
157.0,66.8
160.3,51.1
138.6,49.3
158.8,111.3
170.1,83.7
163.0,91.8
163.2,83.9
166.6,86.9
155.8,68.9
156.4,50.7
164.4,57.3
163.8,68.4
163.2,61.7
157.8,100.8
166.0,72.0
124.0,30.8
175.0,112.7
171.8,93.3
149.5,43.9
185.2,118.5
100.6,15.7
162.9,97.8
91.3,12.9
164.5,114.7
176.0,61.6
172.5,85.4
163.8,54.1
148.6,45.9
157.2,64.4
174.7,96.0
156.4,46.5
153.6,84.8
169.5,77.3
172.8,87.4
178.0,110.1
119.3,22.4
163.8,53.9
169.1,102.6
156.4,54.6
168.4,54.1
128.8,27.1
151.8,52.6
179.2,98.8
132.7,31.9
169.0,56.2
119.7,22.8
158.7,63.9
155.0,100.4
166.4,71.1
178.8,62.2
161.9,57.4
163.3,116.5
163.6,66.5
96.9,15.2
174.0,59.0
176.2,81.9
168.8,64.7
163.1,75.9
135.8,41.1
168.8,87.8
117.4,22.9
116.2,21.3
178.4,90.1
180.1,78.9
170.5,56.2
167.3,156.9
175.8,58.9
155.7,73.1
165.7,95.0
177.9,112.0
174.7,50.9
122.3,26.9
155.5,75.7
145.6,80.1
166.6,84.2
172.7,82.5
143.1,47.2
158.5,70.3
157.4,61.7
171.2,109.3
170.9,93.1
115.6,20.6
122.9,20.6
162.1,77.5
162.9,85.2
150.0,55.8
176.4,74.8
151.1,73.2
163.6,66.9
162.3,59.2
153.4,43.1
168.3,58.7
140.7,40.3
169.6,79.1
148.3,57.5
177.9,92.3
184.2,86.2
171.8,117.1
139.1,29.3
106.0,21.9
163.8,54.1
89.9,12.6
140.6,38.9
166.1,93.4
155.3,82.7
161.5,76.9
110.0,19.6
159.0,52.4
152.8,51.7
174.2,81.3
145.5,43.2
171.2,58.5
185.6,83.7
163.8,73.2
164.2,60.3
182.4,82.6
134.8,30.6
170.0,63.9
165.8,55.4
171.1,79.1
156.8,66.7
121.5,23.3
156.0,75.4
177.3,116.0
113.6,20.1
157.9,61.0
174.5,85.2
164.3,67.9
157.7,89.4
96.4,15.8
154.6,47.7
171.3,157.9
163.7,94.5
164.1,64.5
154.6,90.5
161.8,68.3
166.1,52.9
169.6,153.8
164.1,115.7
155.5,52.4
173.1,76.8
125.9,25.5
179.2,71.0
120.7,25.3
164.8,86.4
111.0,17.2
171.8,64.8
174.8,53.4
175.7,85.5
160.5,39.7
158.6,82.4
163.0,49.2
170.5,85.4
165.7,83.3
122.6,26.6
158.9,50.5
96.7,13.7
159.7,53.5
159.7,71.4
162.4,76.5
94.1,14.5
143.5,73.1
181.8,67.4
170.7,104.7
154.5,48.4
95.6,14.2
166.4,67.2
180.1,96.7
157.9,51.6
151.1,39.7
174.7,67.1
142.2,32.4
131.4,40.9
164.0,94.3
170.9,94.0
159.2,149.0
157.0,65.7
165.0,64.2
176.1,77.1
166.0,93.4
158.5,58.7
150.2,38.3
147.6,62.7
155.2,72.3
160.4,101.9
171.9,60.8
174.7,95.3
159.1,99.7
163.9,65.7
173.6,78.4
180.6,109.7
143.1,43.2
154.4,38.7
161.1,108.3
179.4,129.4
94.7,12.7
135.7,37.2
161.1,73.5
95.3,17.7
163.4,62.5
176.0,95.2
176.3,149.0
167.4,111.4
159.1,91.5
89.4,13.6
167.4,68.1
149.9,44.8
169.8,96.8
161.7,60.8
171.4,96.9
152.4,49.1
92.1,12.8
95.2,14.6
154.7,52.5
149.6,55.4
157.0,79.0
98.2,14.5
164.2,44.1
160.2,86.5
163.0,84.3
164.7,59.5
156.4,59.5
141.8,34.5
133.2,25.2
155.4,70.2
157.9,76.3
180.8,133.4
163.6,74.8
159.3,58.2
170.2,64.6
180.4,113.5
168.6,67.0
168.4,61.8
161.0,73.3
136.4,40.5
172.6,56.8
178.4,114.9
156.9,71.9
164.0,62.3
168.3,68.5
154.3,52.5
102.3,14.8
127.3,27.2
178.8,97.0
168.2,61.8
174.5,91.6
187.8,88.7
109.0,17.9
121.7,24.2
151.9,49.0
158.2,48.0
156.0,61.4
94.0,13.6
155.0,85.2
129.8,26.0
163.5,70.0
167.2,98.1
162.9,50.3
165.0,56.2
153.8,45.3
117.0,21.8
165.2,144.0
155.9,81.9
157.0,56.5
149.5,54.7
160.8,111.1
157.7,71.2
164.5,48.9
147.8,79.7
167.9,62.4
170.2,75.1
170.3,55.5
159.0,74.7
156.7,83.0
159.4,89.0
143.0,28.4
163.5,135.8
168.9,80.1
125.5,21.6
177.4,102.9
169.2,77.5
170.5,105.7
158.5,68.2
132.1,27.6
170.7,70.6
177.3,93.3
154.5,46.2
150.5,69.3
173.4,72.8
134.2,28.9
163.2,89.8
160.1,58.6
177.2,98.4
164.2,65.3
175.0,88.2
188.6,97.4
167.6,101.1
163.3,69.1
107.7,18.8
164.0,70.2
155.3,68.6
91.3,14.9
168.5,67.1
117.2,21.9
155.7,59.3
173.1,78.7
157.8,45.4
142.3,49.7
144.2,34.0
159.6,75.6
154.0,72.9
138.4,48.6
152.2,71.8
172.5,71.3
156.9,69.3
155.8,73.1
90.5,15.5
171.0,104.1
184.0,119.8
187.3,110.5
177.0,82.6
126.5,23.0
91.2,14.4
168.5,44.6
155.2,70.8
108.2,17.5
125.4,36.8
189.1,105.8
155.6,64.6
162.3,94.3
158.7,61.4
151.1,63.4
118.9,22.2
164.9,62.3
163.7,63.1
175.3,119.3
139.3,32.5
170.9,70.0
154.7,100.6
153.9,71.4
162.7,74.6
177.1,85.5
170.8,81.6
97.9,16.7
159.0,66.6
171.6,93.2
171.4,89.2
172.8,107.4
167.6,81.8
178.4,76.0
159.0,77.6
159.7,92.0
178.9,53.2
140.1,47.9
173.8,56.7
159.2,52.5
164.0,65.9
133.9,55.7
157.0,70.5
158.6,60.5
160.2,115.2
137.9,36.0
179.0,82.0
93.8,14.9
168.4,73.5
170.9,55.6
171.4,120.9
178.1,100.2
121.7,20.6
170.6,80.3
161.3,110.3
159.9,60.7
159.3,112.5
165.2,64.6
152.9,66.0
172.6,90.7
160.5,90.1
166.3,133.8
101.9,17.3
155.3,79.6
161.3,70.9
187.2,89.4
108.4,18.9
177.7,93.8
149.2,44.5
133.0,30.9
103.1,14.9
168.8,80.2
166.7,83.4
180.2,113.8
100.2,17.2
102.1,15.2
132.3,36.5
139.4,40.4
182.5,87.5
160.8,90.8
143.8,59.9
164.6,75.8
155.5,77.7
172.5,71.0
171.1,98.2
175.2,66.5
172.4,54.7
180.8,101.2
160.4,54.3
178.7,120.9
177.3,80.8
156.3,61.9
164.3,67.0
169.4,78.0
111.0,19.1
162.5,57.2
104.6,17.0
178.6,112.6
163.4,79.5
105.3,22.1
102.4,20.2
158.7,62.5
162.5,88.2
180.1,81.6
167.1,146.2
177.5,86.4
168.6,98.1
119.9,38.7
169.3,87.7
189.3,152.6
121.4,24.6
168.5,61.0
181.3,125.3
162.1,93.1
158.9,74.1
169.1,126.3
169.8,102.0
172.5,50.6
135.8,46.2
167.7,106.7
152.1,59.0
175.9,106.0
184.9,73.9
124.1,22.3
152.8,53.5
183.0,59.1
149.0,53.5
162.5,60.3
150.1,50.1
134.7,24.2
170.2,125.9
121.4,20.3
175.4,61.2
162.9,51.6
168.4,127.0
154.6,75.0
86.2,14.7
155.8,77.2
162.5,79.1
113.1,23.6
154.6,91.0
160.9,60.7
158.8,71.8
174.8,88.0
151.3,47.6
152.8,51.0
163.3,52.8
155.7,111.7
172.8,101.0
167.4,78.1
173.5,84.7
145.4,71.9
173.6,92.8
128.5,29.8
92.3,13.3
169.8,77.2
162.9,103.6
181.3,89.4
175.9,102.8
171.9,79.5
147.3,56.3
166.6,56.5
168.1,61.7
149.9,51.7
152.0,66.1
159.3,89.1
171.2,61.7
163.3,60.3
174.6,82.7
161.0,77.3
169.2,83.3
177.5,111.3
146.6,48.1
128.8,27.8
136.7,44.2
160.4,55.7
166.9,69.9
167.9,80.9
123.0,25.3
128.5,38.7
165.9,67.0
164.0,89.9
120.0,24.1
120.4,26.1
166.7,93.6
179.5,72.0
176.5,65.2
174.1,88.5
169.9,67.7
178.7,78.5
166.4,72.6
134.8,27.0
157.3,98.2
99.0,15.1
130.0,24.3
171.3,64.6
164.1,62.0
156.9,74.5
106.0,19.5
169.6,90.4
107.2,18.3
158.6,59.1
176.7,90.6
169.4,82.0
140.3,36.5
132.0,39.5
166.0,63.5
148.1,63.1
177.5,70.8
154.8,70.7
183.5,85.7
176.0,102.0
166.4,119.2
172.2,81.4
157.9,86.4
175.7,82.3
172.3,103.6
165.2,51.5
158.8,86.2
157.8,47.5
172.6,75.7
171.9,70.4
177.2,77.2
140.4,49.4
174.4,78.7
179.4,69.5
142.5,36.6
156.9,54.9
163.9,78.4
166.1,83.4
109.4,17.5
176.4,64.2
161.0,74.9
166.7,54.4
162.8,81.9
187.0,101.1
164.0,104.8
181.7,69.0
159.8,104.7
177.8,71.0
167.5,106.1
152.6,50.9
152.6,63.5
153.1,73.5
166.2,96.5
129.8,28.5
156.7,69.7
158.4,88.1
163.7,52.9
145.5,59.3
171.7,110.3
177.7,61.9
148.7,61.6
146.0,50.2
153.3,86.1
137.1,36.6
178.6,119.9
189.7,140.2
149.4,73.6
164.3,63.2
181.9,115.6
102.8,16.5
138.7,31.7
161.4,88.8
165.8,80.0
158.3,50.3
169.2,91.7
163.1,81.6
149.0,39.8
164.6,72.4
180.5,118.4
154.1,52.8
160.9,57.8
155.3,43.3
180.7,84.3
151.3,92.9
159.8,76.4
157.8,44.3
182.0,119.1
155.6,79.5
166.3,67.2
118.1,26.8
176.8,96.3
156.0,59.3
152.2,59.6
152.5,47.4
133.4,28.5
162.8,83.7
174.2,46.9
158.4,53.8
126.0,31.2
165.1,51.3
156.6,50.2
157.5,92.8
154.2,100.1
173.0,127.6
185.0,116.8
172.2,77.0
158.0,66.4
171.8,67.4
159.2,96.3
112.2,18.2
166.1,78.4
168.1,88.1
170.9,76.9
161.5,49.0
168.1,108.1
149.7,40.5
164.8,74.4
127.8,26.7
165.5,74.2
175.0,56.7
147.9,58.5
159.2,52.8
173.4,100.5
170.1,74.0
175.1,70.1
95.4,17.3
161.0,82.8
168.4,131.9
86.9,11.8
101.5,16.2
180.0,77.1
166.7,64.6
159.5,56.0
161.0,59.9
143.6,68.1
155.2,84.6
179.1,76.6
120.7,25.7
141.2,29.4
163.8,75.7
122.5,23.1
168.8,94.3
155.4,52.2
165.0,92.1
172.3,87.5
133.9,35.1
174.3,61.1
177.3,73.5
160.9,97.7
157.8,85.1
144.9,46.6
156.7,42.4
118.7,21.2
157.7,53.0
127.0,25.9
148.2,42.6
146.1,60.1
172.3,76.0
156.2,51.3
129.6,29.5
184.7,140.9
92.2,12.5
144.8,57.0
187.8,90.0
162.2,89.0
173.7,81.0
174.0,66.1
177.4,67.8
153.5,89.1
175.0,79.0
154.0,51.6
116.6,26.1
111.9,23.2
160.8,69.0
92.1,13.0
133.3,34.7
97.9,17.0
98.2,14.7
123.6,37.8
165.6,60.5
175.5,62.3
166.6,92.3
144.7,62.6
135.0,32.8
149.8,56.6
116.2,26.3
158.2,61.4
172.8,105.8
86.6,12.3
123.9,25.5
152.9,45.8
167.9,62.7
169.1,83.1
156.3,91.4
172.6,108.8
147.2,67.6
166.0,81.3
174.8,83.2
166.9,68.4
164.6,63.9
116.7,24.2
158.6,54.5
180.8,84.5
115.0,23.0
146.6,43.2
166.3,66.9
117.1,21.3
167.8,75.9
160.8,52.4
155.9,72.9
103.7,15.6
179.1,107.0
158.1,82.7
157.0,43.7
150.6,40.7
148.6,48.8
149.9,62.3
151.6,50.9
179.6,80.8
176.3,126.4
165.2,143.5
166.1,92.5
165.8,52.1
165.3,65.1
173.6,80.3
90.4,14.8
175.6,73.4
155.4,77.2
164.9,80.1
131.6,25.3
123.1,29.3
90.3,12.8
108.5,18.7
89.4,13.6
155.9,55.8
162.2,69.2
162.2,121.1
165.3,61.8
175.1,94.6
182.1,79.0
157.1,55.3
154.9,50.4
97.7,18.5
154.2,60.7
165.9,83.1
78.5,9.5
150.8,52.3
165.3,61.8
139.6,29.2
160.4,79.1
152.7,53.5
181.7,79.0
123.0,25.2
172.3,84.2
163.5,73.3
169.4,59.1
160.5,82.4
178.3,73.2
147.4,54.8
162.0,74.3
158.0,48.1
176.3,74.4
167.7,79.7
181.6,113.0
179.8,59.0
169.7,91.8
167.3,102.9
176.3,78.1
186.7,85.2
154.5,63.5
155.8,62.2
150.5,84.5
154.5,75.9
179.5,164.2
154.7,54.0
162.5,76.2
173.7,56.4
159.8,93.8
162.3,66.0
132.5,43.1
145.6,60.2
147.1,48.7
150.2,66.7
175.5,89.6
160.0,55.9
164.9,115.2
172.4,76.8
174.9,76.9
134.3,42.1
165.9,71.4
90.8,17.8
175.2,58.4
125.8,30.3
146.9,33.6
162.5,76.7
174.8,72.1
154.0,68.2
159.4,63.5
161.8,94.0
164.4,46.8
157.8,73.6
160.7,79.8
152.5,61.5
164.5,90.4
160.4,76.5
176.3,117.8
154.6,49.6
173.5,99.3
81.6,10.8
122.8,22.9
150.3,57.9
159.3,46.7
153.9,113.6
166.7,49.9
171.8,99.4
160.4,69.4
160.1,74.7
145.4,33.6
155.0,75.3
174.8,100.8
167.4,67.9
152.7,69.0
131.6,25.4
175.0,89.6
90.5,13.0
129.9,27.6
122.5,27.2
156.7,140.5
171.7,85.4
155.0,78.9
189.1,123.0
153.2,51.0
159.2,100.3
144.2,50.1
176.4,79.5
156.0,55.4
147.8,82.8
140.9,34.4
155.9,49.6
162.3,80.7
152.9,42.3
107.3,17.8
162.9,75.8
162.4,71.8
121.9,30.3
167.9,73.3
169.2,85.0
150.7,76.0
182.0,122.2
94.4,13.9
162.9,104.8
172.1,75.1
171.3,54.0
158.3,84.1
163.7,63.6
160.1,99.4
152.7,86.9
173.7,72.8
163.6,83.5
164.9,44.7
168.4,63.0
119.9,27.0
146.9,34.9
160.1,53.2
168.0,86.3
162.8,54.5
155.4,83.5
159.3,70.1
167.2,42.5
164.1,70.9
173.5,101.7
171.6,93.3
173.9,51.1
92.5,12.1
186.0,77.9
161.1,62.9
143.9,81.6
172.7,97.5
174.2,97.5
160.1,63.0
88.7,11.5
177.5,65.7
171.5,81.1
173.6,64.5
146.8,45.6
160.1,53.6
174.4,77.4
155.1,74.9
148.9,45.9
109.0,21.0
174.3,58.6
176.8,119.5
125.7,25.8
159.8,67.7
178.8,85.0
83.6,10.7
153.7,81.7
148.1,53.2
90.3,13.5
174.4,73.0
162.6,70.0
159.4,93.4
161.5,51.5
160.9,77.3
114.1,18.3
155.9,76.6
180.6,93.9
167.2,86.7
171.4,68.2
151.7,66.1
161.5,82.7
194.6,183.0
171.0,108.0
122.9,20.9
168.5,138.9
157.4,115.0
151.9,59.5
93.4,13.9
171.0,68.7
155.5,69.4
128.0,22.7
185.4,100.1
85.5,14.1
106.8,17.6
161.7,65.4
146.4,52.7
153.2,95.2
136.7,41.2
86.9,11.7
161.8,56.7
159.4,97.8
149.0,38.9
174.9,58.7
168.4,85.5
170.8,71.5
94.7,14.6
172.5,98.7
147.6,63.5
158.2,70.5
99.4,20.3
119.5,22.7
152.4,64.9
164.9,66.1
139.4,31.4
162.3,70.2
169.1,139.9
159.7,91.9
166.7,75.2
161.4,68.9
163.3,59.4
169.9,84.3
173.0,67.8
123.0,31.3
159.7,84.0
127.9,25.3
152.0,74.3
176.9,62.7
177.9,131.2
153.4,55.6
168.3,70.9
163.7,114.6
155.1,120.0
91.4,14.8
149.9,58.4
161.6,97.6
157.8,70.6
169.3,73.9
109.5,19.7
157.6,76.3
169.8,70.6
174.8,71.0
156.5,61.8
168.3,72.9
155.0,81.6
182.0,135.3
175.5,81.9
167.3,99.1
165.6,97.3
162.8,107.7
159.4,55.4
150.0,72.1
175.9,115.1
170.2,84.1
149.9,52.9
82.6,10.5
170.4,68.4
181.0,79.1
173.5,100.8
151.0,57.3
153.8,69.0
158.4,50.6
155.3,65.3
157.4,63.1
159.1,60.9
176.1,132.3
166.6,98.6
177.8,67.3
167.4,71.0
149.7,47.5
173.8,74.1
179.4,109.9
181.4,70.4
156.5,123.9
162.2,49.0
159.7,61.1
183.0,102.0
158.3,66.4
172.5,72.3
158.9,63.2
162.1,109.5
163.9,64.7
172.9,70.3
146.0,34.3
159.1,77.6
169.0,76.7
149.3,60.9
146.4,90.1
157.1,64.3
151.8,44.0
173.9,109.4
163.1,130.8
177.8,101.1
148.5,35.7
179.4,82.5
178.8,124.2
191.7,110.6
131.7,28.1
182.5,94.8
146.2,91.4
155.3,36.5
155.0,64.4
180.8,78.3
161.8,109.1
166.0,65.0
135.1,27.3
168.4,70.3
163.7,77.9
179.8,81.3
164.0,77.0
142.0,27.1
157.2,71.0
155.8,49.2
151.1,57.9
170.9,75.0
168.5,82.0
174.2,80.0
168.2,66.5
154.9,68.3
173.9,91.7
162.3,114.3
170.4,75.8
152.8,91.5
169.9,79.6
149.4,82.2
159.3,43.1
152.8,76.6
171.8,53.8
161.6,80.6
140.6,43.7
161.6,82.2
176.9,94.3
164.9,56.4
152.2,74.2
160.2,85.8
167.1,118.3
106.0,18.0
170.9,71.9
171.8,82.6
153.2,97.7
107.4,17.4
101.8,17.1
105.3,35.0
162.1,68.6
159.8,61.1
156.7,65.0
155.6,87.1
169.7,84.4
172.2,126.6
181.2,99.3
191.0,149.5
162.1,75.0
179.8,112.7
151.4,40.1
173.4,67.7
168.2,50.9
163.9,84.7
83.2,11.4
172.8,77.7
173.6,78.9
156.5,58.3
122.7,26.4
124.0,31.4
171.2,112.0
137.4,27.2
170.5,95.6
146.2,39.4
114.8,19.4
147.1,82.3
122.4,25.6
130.9,32.9
115.0,21.3
178.2,92.5
158.8,59.5
172.7,80.0
166.9,55.3
155.8,45.7
123.3,24.5
145.8,45.7
146.0,65.2
174.6,74.3
185.7,115.1
155.1,73.5
118.5,25.0
166.1,84.2
141.2,48.7
180.0,72.6
167.3,74.9
137.8,30.8
144.7,60.3
158.7,51.7
168.9,86.7
181.9,92.5
134.0,30.2
176.1,93.0
161.2,68.0
184.3,120.6
164.2,96.9
160.8,49.7
106.7,16.8
178.4,71.2
130.6,42.7
167.0,79.1
167.4,87.0
141.0,50.2
180.4,90.6
153.0,68.8
144.7,53.0
155.5,101.1
170.6,102.9
161.6,64.2
179.1,135.4
152.2,107.2
138.3,42.8
144.8,51.0
182.9,141.3
166.0,95.5
151.0,52.6
179.4,88.9
155.3,71.4
160.6,115.4
168.0,179.2
179.5,65.4
177.3,64.0
159.9,76.1
162.7,69.7
165.3,96.7
184.5,92.7
176.5,88.2
90.3,12.0
117.2,18.9
162.2,56.2
165.8,99.1
180.2,101.5
168.1,63.3
189.4,71.4
181.2,120.6
152.5,96.2
157.1,121.3
178.5,86.5
167.5,60.4
119.7,31.0
187.2,79.4
151.4,53.9
151.4,69.4
165.0,77.5
121.6,24.4
121.6,24.1
99.1,15.6
130.1,22.2
160.6,70.7
109.5,18.3
172.2,80.0
106.7,19.3
115.7,22.3
151.5,83.3
158.0,61.5
158.3,62.0
164.9,98.2
184.4,59.1
113.0,19.8
152.0,69.4
107.2,20.4
91.9,15.4
179.2,89.1
148.3,43.5
174.2,96.3
150.0,43.2
157.6,59.5
88.0,12.6
167.6,85.2
151.3,103.3
154.1,60.8
175.9,57.7
159.6,63.1
172.9,90.1
174.4,72.5
169.5,77.1
178.3,82.1
147.0,73.3
144.1,49.7
188.6,78.9
127.4,24.4
123.1,20.9
180.9,77.4
150.8,50.7
166.0,64.9
100.0,14.7
176.3,101.8
161.7,127.9
160.3,53.4
159.1,82.1
163.5,93.0
159.9,84.3
159.3,65.0
183.7,68.2
155.7,61.1
105.7,30.2
159.1,90.2
149.8,35.5
165.5,73.3
179.8,74.7
163.3,58.2
160.7,72.3
130.0,28.2
173.1,52.6
157.8,92.7
160.5,122.1
162.8,77.1
157.7,72.8
149.5,48.3
162.8,52.0
176.7,80.2
174.0,74.8
90.4,14.4
160.8,91.6
175.5,84.5
154.8,61.1
167.3,71.5
160.9,58.4
145.7,41.4
145.6,31.4
109.5,21.4
164.3,65.5
89.0,11.9
128.8,23.3
181.0,72.4
175.8,96.9
157.8,77.9
130.3,27.0
179.3,57.5
164.7,59.4
171.0,83.1
173.3,100.5
150.7,71.1
172.3,67.0
164.7,87.6
96.7,14.3
148.0,79.0
176.6,123.3
164.0,90.8
142.6,32.6
167.2,79.6
122.4,28.2
154.6,47.7
160.3,71.4
166.1,105.3
181.4,123.4
158.8,51.4
170.5,81.7
154.6,57.7
160.0,66.6
167.7,70.9
87.4,12.9
166.4,120.0
153.6,56.3
162.4,55.3
160.4,59.1
161.0,133.0
171.9,100.6
180.9,119.9
190.1,102.1
175.6,69.2
110.7,20.8
163.2,62.8
165.0,92.9
153.7,81.8
181.6,99.4
178.1,60.3
178.2,78.7
127.8,37.1
168.1,77.0
164.3,78.2
153.3,122.1
177.2,54.8
176.9,114.9
163.8,66.0
172.0,89.5
155.8,52.1
161.2,58.0
181.6,95.8
145.1,76.3
168.2,76.9
158.7,77.0
95.0,17.9
160.8,54.2
149.8,76.5
139.1,39.0
173.3,77.5
163.4,121.1
152.8,97.2
165.3,72.5
149.1,53.3
175.7,89.8
154.2,62.1
166.2,52.4
100.4,15.7
165.1,63.6
183.3,109.2
186.4,119.8
101.9,15.9
155.5,39.3
156.4,57.2
175.7,71.8
171.4,92.2
161.6,69.6
167.2,59.2
170.7,62.2
112.1,18.5
152.4,83.7
178.9,97.5
159.0,64.1
155.4,71.7
177.6,98.9
176.0,120.7
121.8,23.1
94.4,14.4
170.9,69.4
95.7,15.4
105.1,17.9
150.4,57.9
169.3,85.8
179.5,83.6
163.8,105.7
167.3,108.9
166.9,85.8
153.3,86.6
182.4,136.6
107.7,17.9
164.6,56.2
168.3,124.3
179.2,150.9
166.9,66.4
153.3,92.5
174.3,77.4
174.7,96.3
161.6,99.5
165.5,88.5
161.4,67.8
161.1,62.0
156.2,102.1
180.9,100.3
128.8,31.2
159.0,49.7
143.7,42.6
165.8,56.0
159.2,60.4
169.4,83.7
174.2,95.8
177.7,75.7
164.1,68.3
170.7,76.1
126.6,25.8
158.1,99.0
161.6,53.7
165.4,58.0
159.0,76.9
159.2,73.7
162.8,90.2
163.4,79.9
113.9,20.2
187.2,142.4
174.7,94.8
173.2,76.8
159.2,110.7
165.9,85.1
106.0,14.7
174.2,90.3
149.5,58.5
159.1,80.1
175.3,85.4
156.4,56.4
156.8,60.4
168.7,74.1
177.0,109.0
157.1,85.1
175.4,64.9
150.1,40.1
160.4,67.2
176.8,63.9
172.7,84.6
157.6,69.9
182.0,96.0
125.9,24.4
157.0,52.4
173.0,82.9
160.6,83.9
152.1,110.1
168.7,128.0
187.8,95.9
158.5,53.9
155.4,58.1
168.8,78.2
181.3,141.7
165.6,157.4
170.2,91.0
152.3,63.8
161.6,51.5
160.5,62.1
129.9,41.5
160.2,85.1
158.2,67.3
141.0,57.4
135.6,43.4
153.4,54.6
163.9,90.9
156.2,59.3
154.6,80.8
179.6,93.6
157.9,67.4
175.8,95.5
176.3,84.1
159.6,57.1
108.0,20.8
101.4,17.4
171.9,112.0
154.0,46.1
164.0,65.4
167.4,79.1
123.9,29.4
153.5,55.7
157.7,59.5
155.4,85.1
178.4,94.6
157.7,32.8
173.9,75.1
155.6,50.1
172.4,69.9
163.8,54.6
169.8,84.6
146.9,37.1
158.3,94.9
98.4,17.7
150.6,45.6
136.0,27.7
98.4,15.9
175.1,63.4
171.6,150.6
164.9,87.7
165.5,67.5
162.3,101.9
161.4,86.3
174.9,91.9
166.1,89.2
172.1,97.7
163.6,69.6
168.8,105.8
149.5,64.9
170.3,55.2
164.2,84.6
149.2,61.8
149.5,38.6
180.4,94.2
156.0,73.9
176.4,96.0
137.5,44.5
165.0,62.5
159.2,60.2
127.1,25.5
179.8,78.2
156.5,73.3
153.5,86.5
115.3,16.4
170.2,130.7
153.6,59.0
155.9,57.5
171.8,69.8
167.4,82.8
161.8,56.5
178.0,66.9
172.8,57.7
177.0,118.7
142.2,38.4
168.9,52.8
170.1,91.2
167.4,148.9
161.0,75.4
100.6,14.3
154.8,54.3
118.9,22.2
152.5,48.0
159.4,71.2
149.3,54.5
107.3,19.9
171.1,86.8
146.8,51.4
171.7,68.3
181.0,112.3
181.6,89.5
158.3,103.8
159.1,108.4
176.4,73.7
85.2,11.2
177.3,107.6
173.2,79.0
159.1,67.6
150.2,42.9
170.6,63.8
178.1,136.2
146.5,39.6
148.8,58.5
131.8,26.9
153.1,76.0
189.5,132.5
140.7,34.0
129.4,30.2
162.1,54.4
147.3,61.1
111.1,19.0
164.8,62.9
156.6,50.8
132.4,26.0
174.2,135.1
154.5,57.8
146.7,53.1
162.2,59.2
169.1,71.1
155.2,49.8
176.9,70.6
159.8,82.2
151.5,56.4
118.0,22.5
166.4,200.9
152.0,51.6
179.4,95.7
157.8,91.2
168.4,78.3
154.5,50.1
153.8,63.3
189.9,93.1
132.5,28.2
154.8,113.0
167.6,94.4
153.2,39.5
124.3,22.8
181.9,117.3
179.1,100.6
185.8,78.0
157.8,45.7
171.3,95.5
176.2,103.9
156.8,134.1
136.1,29.7
170.0,51.8
173.8,71.5
176.2,76.0
175.6,69.0
155.7,50.6
169.2,96.7
163.8,73.8
159.6,72.4
154.1,58.7
154.9,64.6
164.0,72.7
162.5,116.1
91.2,14.3
182.1,93.3
166.0,102.4
102.2,17.2
119.5,23.9
106.5,17.5
169.3,96.0
178.1,133.4
164.4,85.1
146.5,77.9
149.6,29.5
162.4,51.1
187.1,59.9
164.7,62.6
146.0,42.9
158.3,89.7
177.5,52.7
153.8,44.0
177.1,76.7
179.6,77.8
152.0,84.1
156.9,78.7
159.5,69.3
121.8,20.7
123.2,34.2
170.6,61.2
158.2,49.6
153.3,66.9
173.3,106.5
157.6,73.6
177.6,149.1
166.8,83.8
105.7,20.7
123.8,37.3
169.7,100.7
125.9,25.0
150.6,75.8
125.6,36.9
144.8,51.7
166.8,83.6
171.1,71.9
167.6,67.0
166.3,75.6
166.2,57.0
158.2,70.7
162.1,83.1
180.6,87.1
162.5,64.2
180.2,87.8
142.4,27.1
155.8,77.6
103.9,16.4
187.6,116.2
158.1,91.8
107.0,16.0
115.0,23.2
130.8,29.6
184.8,94.9
178.3,126.5
153.2,61.0
168.7,98.0
161.8,71.2
164.6,93.9
115.6,20.9
191.5,87.8
159.2,56.6
170.2,66.5
96.6,14.7
106.7,17.3
162.7,104.5
171.9,82.3
156.4,85.7
184.6,64.4
173.6,87.2
178.6,109.3
158.6,95.4
121.0,25.2
170.5,69.8
163.3,99.3
152.9,72.7
177.6,61.7
181.3,85.9
167.4,147.9
158.0,52.8
141.3,29.4
107.4,17.4
181.1,101.2
94.5,14.2
173.5,68.3
163.4,91.9
170.3,77.7
155.0,58.9
150.9,49.6
103.1,17.9
148.6,70.0
153.9,82.4
144.5,73.1
154.2,118.5
133.0,39.9
165.0,96.9
151.2,49.2
165.6,70.9
190.3,130.9
129.8,28.2
173.5,91.8
126.5,28.1
163.6,70.8
161.4,55.5
155.7,55.6
174.8,100.0
130.8,33.7
155.6,44.0
159.2,99.1
168.5,71.4
126.7,30.6
172.5,78.0
171.9,122.9
167.0,78.6
177.1,91.1
169.7,72.4
169.5,80.6
162.5,75.6
159.5,88.4
134.8,30.7
154.5,80.0
156.3,80.3
167.5,67.9
160.2,52.9
164.6,49.8
154.4,67.4
163.3,76.4
178.3,91.3
159.8,81.1
185.4,121.4
175.4,56.6
156.8,94.9
141.8,56.5
164.2,96.3
167.3,84.6
161.2,101.3
152.9,97.7
189.2,95.5
149.4,99.6
171.7,61.7
170.1,96.1
157.3,54.5
162.1,106.2
176.5,100.1
164.3,86.2
155.0,125.5
161.2,75.0
166.9,71.9
175.4,75.8
138.8,31.4
175.0,85.5
168.8,103.6
165.7,112.1
164.4,99.5
170.3,79.0
115.5,25.3
176.2,120.6
125.2,25.7
88.3,13.3
161.8,76.0
137.4,30.4
166.5,91.1
141.7,34.7
169.5,57.4
134.5,24.6
177.9,104.1
163.4,43.9
97.4,14.2
175.5,112.4
165.3,119.2
104.9,25.3
171.1,83.6
135.9,28.3
154.1,69.2
161.8,66.3
153.7,92.3
177.4,75.3
158.3,84.2
100.0,15.8
102.4,18.2
169.5,69.0
161.7,72.6
173.3,81.6
179.7,65.9
176.8,75.4
146.0,54.9
107.9,18.7
151.5,34.4
172.6,97.5
132.8,31.4
120.2,24.6
133.8,28.0
148.4,52.2
175.0,83.5
156.1,84.8
109.2,18.6
165.6,53.7
170.6,49.5
140.5,30.7
173.7,92.7
152.5,76.1
165.6,101.7
152.1,51.2
176.4,115.4
157.5,67.8
176.6,92.7
156.6,44.1
156.9,63.7
164.6,61.5
176.3,66.5
147.8,35.5
147.2,61.0
119.1,20.1
108.3,19.2
166.8,63.0
123.2,28.6
140.1,31.3
178.0,84.9
160.9,69.6
148.1,116.6
176.7,67.0
173.4,174.4
99.2,14.4
170.9,141.6
159.1,100.2
150.5,96.3
159.2,78.7
165.9,70.3
160.6,56.6
173.8,105.5
154.9,79.5
153.8,62.3
91.9,11.9
146.9,30.5
156.4,81.7
129.8,41.0
105.9,19.5
155.0,69.5
139.6,31.0
153.5,59.7
184.9,84.1
174.4,85.0
125.9,25.9
157.9,57.5
165.5,88.1
179.9,80.5
159.5,75.2
171.7,47.1
166.0,79.7
159.4,71.5
87.6,12.9
179.1,74.5
172.7,114.6
180.5,97.5
159.4,57.8
181.5,65.7
137.9,30.8
160.9,60.6
173.9,111.8
150.8,74.6
149.8,68.0
173.5,90.5
156.4,45.4
163.3,116.3
169.0,89.0
164.9,73.5
152.5,104.5
147.3,39.3
149.7,112.7
121.7,23.8
159.7,60.5
159.6,65.7
154.3,61.3
165.2,116.9
173.7,134.1
158.2,62.6
172.5,104.7
181.6,92.1
156.3,61.9
166.4,80.3
155.9,58.7
96.9,14.7
154.4,60.8
164.5,78.5
152.0,54.8
100.4,16.4
84.5,11.4
188.2,91.0
160.4,52.9
175.0,58.4
180.6,116.7
153.5,82.6
169.6,146.5
176.1,84.3
157.7,83.1
170.1,61.2
171.0,51.2
113.7,20.0
176.7,52.8
153.3,84.2
121.7,22.7
158.9,56.9
103.9,17.8
129.7,32.9
156.8,62.1
162.0,74.7
158.9,85.5
163.9,90.2
181.2,111.6
169.1,91.1
153.0,68.3
178.3,79.4
154.6,40.8
157.0,45.3
183.1,106.1
144.5,48.0
177.2,104.6
182.1,66.6
155.8,73.4
155.0,123.2
168.0,86.8
157.7,62.2
147.3,41.4
139.1,32.5
147.2,73.3
148.7,63.4
158.2,71.5
146.5,40.5
158.2,61.4
153.3,66.9
149.7,73.2
158.5,84.3
139.9,33.1
179.6,75.8
166.5,98.0
153.5,56.6
173.8,116.3
188.7,90.3
167.7,49.2
120.3,23.3
140.6,54.2
183.7,97.9
153.8,53.4
177.7,65.3
170.9,82.9
167.4,133.8
107.0,18.3
161.4,73.7
178.7,73.2
162.8,90.6
111.7,19.7
147.0,57.9
156.5,68.0
152.3,96.4
164.5,62.4
155.5,70.0
127.3,26.8
170.6,100.7
166.5,66.3
182.4,85.5
163.8,50.5
151.1,49.6
162.0,66.8
181.1,127.2
139.5,38.9
119.7,22.4
175.2,116.0
128.4,33.0
162.9,46.5
171.9,76.7
165.5,72.8
96.5,13.5
162.1,101.2
176.0,108.4
166.8,115.7
102.5,14.0
171.1,81.5
174.8,95.2
123.6,26.4
171.8,99.9
152.9,112.6
172.7,77.0
180.0,123.3
126.9,23.4
156.9,94.7
152.2,59.8
164.7,96.2
162.2,58.3
164.0,91.6
160.7,82.3
169.4,87.5
164.8,84.5
151.7,63.8
177.2,84.0
111.2,17.7
166.0,88.7
172.9,67.1
145.7,77.4
170.2,99.6
176.5,108.9
141.4,53.4
171.3,46.2
153.3,57.2
155.1,72.4
168.1,71.2
166.8,81.5
96.5,13.7
97.6,15.2
103.8,15.5
130.9,23.8
178.9,71.7
153.2,84.8
113.2,21.7
167.9,61.2
177.0,83.8
188.1,106.5
178.1,123.6
111.1,17.3
127.2,26.9
185.6,96.4
170.6,87.0
154.6,43.7
181.8,91.8
184.6,59.3
171.3,71.4
170.0,85.2
149.9,75.2
147.1,42.2
173.9,100.1
164.2,56.4
174.4,73.8
179.3,119.5
166.7,79.0
177.4,89.8
174.1,97.1
192.8,120.7
149.0,48.8
176.7,74.4
173.0,78.2
106.9,20.7
160.5,49.1
175.7,142.2
131.7,28.3
161.2,62.7
88.3,11.1
155.5,62.6
172.3,80.0
118.3,32.2
175.5,88.8
164.9,104.6
153.4,40.1
165.2,74.1
155.0,132.3
168.7,57.7
116.8,21.4
131.8,33.4
166.4,81.6
165.3,85.4
89.5,13.0
161.2,48.2
169.4,61.9
111.2,20.1
163.1,92.6
164.8,77.7
182.2,88.0
156.9,75.0
150.5,47.9
158.9,67.1
156.7,73.0
167.5,72.4
143.1,50.1
174.7,59.9
169.7,72.8
160.6,72.2
115.3,21.8
89.2,13.9
152.5,65.1
158.3,54.3
124.9,23.7
170.4,126.5
137.3,43.8
171.9,83.4
163.7,97.1
105.5,17.1
157.9,54.6
176.6,86.9
173.1,79.6
163.7,60.8
142.1,60.7
163.4,116.5
141.4,28.6
127.3,22.7
161.9,93.7
168.7,96.7
168.8,71.6
139.8,27.9
187.2,76.2
184.4,113.0
159.2,59.1
164.6,67.6
171.0,78.0
163.3,89.0
161.2,65.8
168.5,120.1
95.9,12.8
185.0,77.7
152.1,58.5
151.8,44.2
158.0,54.7
158.9,66.6
152.4,81.8
177.6,83.3
166.3,61.3
102.7,17.3
157.9,93.9
117.2,23.0
170.0,115.8
160.8,86.9
152.0,62.1
111.3,20.3
111.2,19.7
158.5,99.5
176.4,97.6
178.0,80.0
182.4,84.7
183.8,73.8
167.4,77.5
165.9,80.8
158.2,77.4
167.1,70.8
172.0,95.4
108.0,17.1
174.5,58.7
97.5,14.7
189.6,107.9
154.6,40.6
171.9,67.2
101.5,16.3
180.3,81.4
171.3,65.6
166.9,65.0
151.6,64.9
157.3,61.7
154.6,56.5
129.0,28.1
123.2,25.0
161.3,81.4
136.7,42.7
138.8,30.6
162.6,79.4
166.0,85.4
89.3,12.0
166.4,70.5
156.7,50.6
132.9,25.8
176.2,50.6
123.2,26.4
182.1,94.4
178.4,120.0
166.9,88.5
164.3,64.0
103.5,16.0
114.7,23.0
170.0,85.4
173.7,82.2
169.8,78.6
109.9,18.1
156.3,151.7
158.7,46.1
181.2,61.3
178.4,84.6
172.6,57.7
127.0,28.1
146.7,66.7
173.1,107.3
156.5,91.9
161.8,47.3
160.1,50.8
97.1,14.5
90.8,14.1
179.0,111.7
98.6,13.0
137.6,42.6
152.0,55.4
167.7,110.1
146.7,59.6
170.8,93.3
160.4,72.5
152.5,58.4
163.6,58.9
160.8,70.4
102.8,18.3
109.0,21.2
177.8,116.6
102.7,15.1
167.0,79.4
178.0,97.9
113.5,20.7
153.9,61.9
148.5,64.9
168.7,84.1
169.6,79.7
175.5,79.6
162.5,128.8
164.5,74.7
160.9,56.6
131.9,28.4
194.6,152.8
186.3,81.2
156.9,130.8
153.9,89.4
186.3,146.8
129.4,30.0
157.9,72.1
170.1,92.9
124.6,37.3
167.1,63.5
157.4,50.8
134.0,31.4
94.9,13.4
173.7,104.5
169.7,123.6
172.8,154.9
155.6,79.3
155.4,54.0
181.0,128.0
99.4,16.6
114.3,29.6
134.1,30.6
156.9,73.3
164.9,61.1
166.7,75.4
163.8,77.4
170.3,63.1
178.9,85.5
185.3,99.8
185.3,86.5
188.0,65.7
88.1,11.6
180.3,104.6
166.8,42.0
158.6,99.0
166.4,81.8
131.4,29.5
185.0,90.1
157.4,75.1
115.6,18.6
168.0,79.9
130.3,34.2
162.9,53.5
156.9,63.3
160.8,95.8
93.8,13.9
156.6,69.3
135.4,33.2
92.1,13.4
169.5,94.7
154.8,56.5
123.2,25.3
152.6,57.0
182.9,94.8
176.2,100.2
157.1,50.2
182.3,146.9
184.1,107.3
141.2,29.4
157.9,70.3
161.0,86.3
169.2,95.8
170.0,81.2
164.1,61.8
161.5,73.1
98.9,16.4
117.6,22.2
161.1,69.7
168.3,127.1
168.4,74.4
155.8,51.9
139.3,32.5
173.1,57.0
172.8,107.1
162.6,77.9
154.7,55.4
148.0,46.6
160.3,56.8
163.8,105.6
184.9,72.8
164.1,83.5
181.9,90.1
155.1,61.4
154.4,65.5
163.0,44.5
154.0,44.0
173.1,66.9
158.4,96.6
169.2,52.1
131.1,25.0
165.7,68.9
163.2,99.1
166.0,70.5
163.8,97.5
171.4,68.4
168.5,86.3
183.4,70.1
173.5,98.1
167.7,69.2
146.2,37.2
97.0,13.7
106.4,17.7
137.0,28.0
137.1,28.5
169.3,49.4
180.4,77.7
181.0,58.8
159.2,45.4
156.2,53.2
158.2,69.9
152.3,111.9
166.2,101.3
173.7,57.2
142.3,85.5
178.2,96.7
186.0,133.0
175.7,78.2
168.4,74.8
145.6,41.1
157.2,48.5
157.5,64.6
163.1,73.2
145.4,45.0
154.5,72.1
178.7,71.7
163.1,72.2
162.5,76.3
166.4,98.3
155.6,61.3
102.7,16.6
140.0,30.6
176.0,105.1
116.1,19.0
162.8,70.5
184.3,101.4
161.9,112.2
166.4,91.1
162.7,42.5
178.4,105.8
162.3,49.8
170.2,86.1
177.3,58.6
152.3,50.1
182.7,69.9
159.1,78.7
172.3,146.6
165.8,87.1
176.7,97.0
93.9,12.8
166.7,87.6
170.0,59.1
156.5,69.7
133.2,24.4
169.6,58.1
167.0,56.8
184.7,111.1
175.9,76.1
172.5,92.4
171.3,131.2
175.1,77.4
172.6,74.7
166.9,68.2
157.9,66.7
159.1,61.6
163.4,64.6
165.1,60.6
169.6,89.0
181.5,80.0
189.3,93.5
150.1,72.3
155.6,56.2
163.4,63.4
155.1,106.8
161.8,59.2
166.7,89.8
97.6,15.3
164.7,47.0
165.1,59.6
97.2,14.5
157.6,46.5
185.3,103.7
167.8,58.0
175.8,68.8
150.8,107.5
177.1,82.9
167.2,108.9
164.3,60.4
154.3,40.8
129.6,26.7
145.5,41.4
172.8,100.5
102.2,16.4
167.4,67.5
170.6,96.9
172.6,71.1
113.2,19.1
164.3,54.2
154.8,47.2
174.1,92.6
166.4,89.0
85.7,12.5
164.6,63.6
165.3,86.5
158.6,58.8
184.2,74.3
180.8,101.5
155.0,46.4
156.6,43.3
154.0,59.6
97.5,17.1
177.0,67.8
171.4,67.3
185.5,137.7
179.6,104.5
159.7,47.6
165.2,87.8
159.7,125.7
163.8,62.8
161.8,98.9
161.5,48.3
164.5,104.9
166.8,66.7
162.9,47.1
156.0,81.0
155.3,76.4
102.7,18.3
159.8,90.9
154.4,51.7
177.7,83.4
175.6,90.8
157.9,79.2
166.3,108.7
158.0,68.8
151.9,52.3
159.7,119.8
189.6,124.9
158.4,48.7
160.3,65.1
158.6,52.4
168.1,107.7
148.2,62.8
184.0,120.3
149.2,76.8
149.5,51.6
185.5,76.6
168.4,49.6
176.3,94.5
155.7,60.3
182.3,135.6
185.6,145.9
123.0,34.6
90.7,13.2
161.8,54.6
168.1,50.1
172.0,81.0
92.4,12.6
161.4,83.9
182.2,106.1
111.0,18.4
171.4,118.0
163.6,70.2
178.2,107.8
147.2,32.5
163.1,108.4
130.5,25.7
95.8,15.2
88.4,12.8
156.5,57.7
151.6,43.6
169.5,116.6
165.2,77.4
169.9,111.0
188.3,136.4
158.8,75.5
150.7,39.6
123.5,20.4
131.4,29.1
155.6,67.9
151.4,65.7
164.5,71.5
155.0,67.1
158.8,51.4
164.7,49.8
163.0,47.1
157.6,69.4
94.2,15.4
159.5,63.1
155.3,52.4
183.8,87.2
172.3,90.0
154.8,60.1
165.0,66.5
151.1,53.3
168.7,76.7
156.7,61.9
173.1,86.2
153.2,82.7
152.1,41.4
156.7,70.1
171.5,96.6
161.2,72.0
168.1,77.3
158.5,76.9
124.1,24.1
169.7,74.4
168.3,91.8
169.1,74.0
157.0,69.3
179.5,78.6
86.8,12.9
153.4,47.2
175.7,67.1
168.6,74.6
140.3,30.4
167.2,52.0
182.3,89.9
160.2,73.1
167.0,80.0
157.3,45.2
148.3,44.4
154.7,77.3
156.6,95.5
179.2,134.4
164.9,71.2
92.5,17.8
164.6,107.2
167.8,56.9
168.5,79.9
129.4,27.0
155.7,72.8
178.6,121.0
167.9,96.1
150.7,77.3
167.7,83.5
188.2,110.7
159.4,65.6
151.6,74.5
159.0,77.3
167.0,62.2
178.6,93.2
178.1,77.5
137.7,38.7
177.1,66.5
134.9,33.1
174.2,80.4
156.4,52.3
151.5,62.3
171.1,91.3
153.8,65.1
174.1,76.7
153.0,52.6
136.7,39.6
175.5,95.7
166.8,64.1
189.0,106.8
158.4,76.0
171.1,92.5
164.2,53.1
157.0,98.5
175.3,95.3
163.5,51.7
157.9,76.4
161.9,138.6
123.5,35.9
168.7,112.6
154.0,68.0
154.4,59.4
116.3,22.8
175.7,127.3
181.9,77.0
180.0,73.1
161.7,68.2
152.9,81.5
122.1,22.1
85.7,12.1
138.6,32.6
154.6,35.8
121.5,22.4
162.7,90.2
170.9,123.1
170.1,74.8
169.7,83.2
134.5,28.4
166.5,90.4
182.8,98.5
111.9,21.1
150.3,59.0
178.8,108.2
158.8,106.2
165.1,84.0
181.1,112.1
161.4,99.7
144.1,35.9
162.6,66.3
155.5,84.5
107.8,20.7
157.4,66.6
157.3,52.8
161.6,95.3
173.4,64.5
88.0,12.9
147.1,73.0
159.6,82.7
150.8,56.6
163.9,72.3
179.6,65.0
104.2,16.0
138.5,28.2
98.6,16.9
163.6,55.9
170.3,124.0
171.4,76.9
190.6,99.4
180.3,110.1
165.7,68.1
175.3,89.5
145.4,34.0
173.6,57.1
180.6,70.4
160.1,61.5
161.2,53.1
175.3,125.6
182.4,75.4
163.8,84.9
162.2,104.7
177.6,78.2
128.3,41.3
155.1,55.0
174.1,79.1
166.0,69.5
173.2,69.2
164.5,58.7
175.7,64.9
157.0,62.3
167.4,50.3
170.9,74.0
160.6,67.4
86.8,11.9
163.8,84.0
176.7,95.7
124.1,23.1
167.7,159.9
171.4,84.3
153.0,48.2
169.0,111.1
129.7,32.6
145.9,77.1
161.4,125.6
169.2,119.3
157.1,66.3
166.1,54.2
132.9,29.1
182.0,92.9
165.6,53.4
160.2,79.4
155.5,75.7
171.5,85.5
110.2,17.9
165.6,84.1
179.5,96.1
163.8,63.1
102.7,17.5
165.5,79.7
165.0,59.9
109.0,16.0
156.3,58.1
137.5,37.9
99.8,19.3
166.6,72.6
154.7,40.3
160.1,64.8
168.2,60.0
138.7,28.9
163.8,85.7
176.6,88.6
164.0,123.2
161.8,67.0
150.9,63.2
157.4,38.2
164.1,92.9
181.4,111.5
152.4,64.4
164.0,64.8
151.6,57.2
171.3,65.2
171.9,58.8
161.8,78.6
185.1,119.6
175.7,106.7
181.7,81.9
169.2,82.0
168.9,59.3
143.9,55.9
142.5,37.0
187.0,129.4
158.1,84.7
155.0,64.0
103.7,16.3
138.0,30.9
94.4,14.3
164.9,109.0
155.5,47.6
156.0,48.2
162.1,62.7
160.2,53.2
181.2,78.8
128.1,26.3
137.0,33.0
144.1,48.9
172.0,89.2
152.4,45.9
139.0,38.5
132.0,29.8
168.0,124.9
169.0,73.0
162.2,93.3
162.0,56.4
161.6,85.9
154.5,85.3
104.0,16.9
154.9,56.2
108.6,20.6
162.2,71.9
171.5,89.7
140.8,35.3
140.4,40.9
160.7,104.8
177.0,112.1
170.5,107.8
173.6,57.5
163.7,46.1
177.7,83.6
175.7,120.1
169.9,94.7
173.4,73.1
162.3,72.7
146.3,89.8
127.5,23.9
154.5,50.8
186.0,76.2
118.4,21.3
144.2,82.7
160.8,156.0
149.9,48.0
156.0,50.2
101.6,17.8
184.8,108.7
165.4,73.3
177.2,100.8
142.4,42.6
150.7,65.6
150.4,51.4
140.9,34.0
165.3,102.9
85.2,11.8
129.4,27.4
170.2,69.3
158.5,73.3
176.3,81.0
149.7,60.4
155.1,57.2
159.8,61.8
179.0,88.4
162.1,64.5
155.7,71.0
158.3,68.6
160.3,84.7
146.5,46.6
155.3,69.2
160.3,72.1
118.0,21.0
157.3,66.8
145.3,36.4
142.9,44.4
155.2,42.8
169.3,121.5
159.8,101.1
170.5,92.5
156.6,66.1
187.6,130.3
139.5,34.3
152.7,47.8
160.6,66.6
157.6,60.0
97.9,15.0
140.5,52.1
147.8,44.4
172.2,78.7
137.1,31.2
112.0,25.3
173.9,67.8
94.8,13.8
180.7,101.3
166.8,65.4
162.3,69.1
153.0,59.6
122.5,25.6
175.0,97.0
175.2,79.0
175.0,112.3
148.2,49.7
160.3,46.2
179.2,84.6
132.7,34.7
172.9,95.6
134.3,33.9
122.2,20.7
171.7,86.8
130.6,25.5
172.9,97.7
128.7,27.5
127.6,27.6
178.2,88.3
167.0,71.0
99.1,15.0
162.5,71.2
177.8,98.7
182.6,66.5
160.2,125.5
163.2,82.2
159.1,64.4
180.9,113.8
155.5,81.8
175.4,119.1
176.6,154.8
170.5,93.1
144.1,47.8
157.9,64.8
167.7,99.2
187.6,116.4
178.8,65.4
151.1,74.5
180.9,126.6
178.9,128.7
132.8,28.1
169.5,54.4
85.7,11.4
166.6,63.4
175.5,85.9
173.2,86.9
85.7,13.2
159.5,45.7
158.6,69.2
103.3,17.6
154.6,59.6
166.8,58.8
163.3,83.9
166.8,76.5
190.8,68.9
174.5,66.2
161.4,87.0
156.9,71.1
160.2,107.6
158.7,49.9
189.9,160.6
170.2,93.9
131.7,25.5
95.4,16.0
147.5,74.0
163.0,74.5
171.2,54.9
150.3,53.7
143.1,49.2
173.9,98.2
111.3,20.6
176.8,82.9
112.8,18.3
162.0,44.9
169.3,69.5
173.5,76.7
150.7,71.1
186.4,103.6
165.9,58.7
87.3,11.7
169.6,67.2
175.5,92.4
156.2,75.4
162.5,94.9
176.4,75.7
119.7,24.4
131.8,44.9
178.6,51.3
160.8,53.4
164.9,76.4
114.1,19.6
168.5,82.2
166.9,97.7
163.1,58.7
152.8,73.9
160.9,68.7
139.7,28.3
153.3,47.8
142.6,52.2
128.4,27.7
127.4,27.9
167.3,62.7
157.5,76.0
151.4,66.0
174.7,86.5
169.7,59.9
171.8,94.7
164.2,154.4
87.6,11.1
124.7,46.5
171.2,102.6
143.3,71.3
161.3,61.4
180.9,66.6
167.6,74.5
102.4,18.8
177.4,115.9
174.9,95.6
182.1,93.5
155.7,91.9
176.4,70.4
174.4,91.1
166.0,58.6
164.9,74.2
152.6,69.6
178.8,95.6
106.8,20.8
166.3,76.4
126.8,25.4
158.9,85.6
176.7,72.8
153.5,99.8
157.7,71.1
164.3,85.1
146.0,49.5
150.1,56.4
151.7,70.4
168.2,69.8
180.0,105.7
160.5,48.3
157.1,73.9
149.5,67.6
155.0,109.0
95.5,15.4
158.1,63.6
161.1,52.7
177.7,76.5
173.7,111.2
97.8,15.3
174.9,81.1
157.5,85.5
161.2,82.0
171.5,124.8
154.9,66.2
157.2,52.9
160.4,79.3
156.5,69.5
151.0,76.4
155.5,67.2
156.9,55.2
168.0,67.0
106.2,15.7
155.5,83.3
177.8,83.6
169.3,83.5
156.1,62.6
171.6,104.6
183.3,128.5
156.5,66.6
155.4,90.5
154.5,85.2
180.0,91.3
134.3,35.7
165.6,55.9
162.8,80.5
153.7,66.4
190.6,93.1
152.3,47.7
172.3,82.0
185.2,112.9
178.8,89.6
187.3,86.6
172.2,100.9
174.9,80.9
181.8,81.2
158.1,56.6
168.7,64.9
113.9,24.3
181.4,147.4
170.5,66.3
96.9,14.6
112.2,20.2
168.3,70.8
115.4,18.8
183.7,121.6
160.3,68.8
175.5,119.2
171.3,100.7
97.5,13.2
131.4,30.7
101.0,17.7
152.8,71.8
162.4,45.7
172.3,91.6
172.9,92.2
160.4,74.1
161.1,124.7
149.1,39.0
175.4,72.5
86.2,11.2
151.4,78.1
188.5,125.8
141.7,67.6
158.1,70.1
157.7,75.9
150.6,70.2
145.8,60.2
167.8,63.4
147.8,41.7
171.6,91.2
129.4,36.9
179.6,122.4
173.9,71.1
184.4,85.5
159.7,47.5
155.7,71.4
168.7,67.0
168.7,88.4
153.3,83.9
182.9,102.8
183.1,89.9
163.5,103.1
180.5,114.1
177.0,107.3
170.0,44.7
106.4,17.4
159.4,80.4
129.6,33.6
175.4,83.5
169.3,89.9
153.8,63.2
168.8,70.6
136.7,29.1
168.7,47.0
129.2,29.1
159.8,49.9
171.0,59.6
102.6,17.2
140.6,50.9
156.4,47.6
139.7,44.6
143.8,33.2
188.3,139.6
136.9,30.7
168.9,79.7
129.4,37.0
166.4,180.9
123.9,33.7
181.9,124.7
172.6,83.8
135.0,45.2
117.2,21.7
162.6,53.9
171.7,87.4
167.4,79.0
152.7,88.3
181.9,90.0
177.2,61.6
99.0,14.6
159.6,73.8
169.1,122.3
164.9,99.3
100.9,19.4
167.6,84.6
128.3,27.8
161.9,94.3
147.9,40.5
152.5,44.9
152.4,56.9
157.2,67.2
157.0,73.7
170.3,99.0
179.1,89.7
160.8,74.9
150.6,66.4
154.2,88.5
165.3,91.4
177.8,72.9
160.0,85.9
160.5,48.9
182.9,100.9
152.9,63.9
170.1,62.2
169.5,86.2
156.6,79.2
132.4,27.3
158.9,55.5
166.4,83.6
154.4,69.0
160.8,68.2
166.7,103.5
147.1,68.9
151.5,59.3
180.0,82.7
174.6,98.7
149.2,71.9
176.0,56.9
182.3,77.0
162.4,66.8
163.6,81.1
124.2,24.5
127.3,26.4
153.3,49.1
151.5,65.7
157.2,89.1
168.0,68.7
177.7,107.6
162.0,71.6
167.9,80.2
161.8,81.0
172.5,63.2
108.3,20.5
163.6,79.8
114.5,20.7
119.4,22.3
123.5,24.8
171.9,113.1
168.3,60.6
145.9,64.1
161.2,94.9
144.8,34.6
179.9,68.8
109.6,21.8
163.1,50.3
137.9,39.1
155.9,77.1
160.5,74.7
184.2,90.0
161.4,78.7
155.3,74.2
174.6,158.7
153.9,48.9
170.7,49.9
128.1,34.7
161.5,101.5
175.8,95.6
116.4,22.6
178.3,87.2
154.4,74.3
164.3,64.0
156.6,70.4
175.9,140.4
142.4,54.9
116.6,21.3
164.1,105.1
129.3,27.7
128.5,30.2
164.8,90.1
137.2,33.3
132.2,27.9
167.9,95.0
154.2,106.3
168.7,76.1
143.8,52.5
161.8,113.4
172.6,116.5
154.1,58.6
90.9,13.4
172.5,56.8
166.5,90.9
91.1,12.7
166.7,70.0
173.0,106.7
167.3,96.2
136.2,38.1
100.5,16.8
92.3,13.7
149.2,58.1
102.9,16.6
158.6,75.0
112.1,22.2
173.7,96.8
150.0,64.1
163.6,54.2
142.7,34.0
125.6,39.7
95.8,13.4
193.3,73.1
155.1,51.6
165.1,102.5
101.9,17.0
174.7,85.3
186.2,118.8
164.8,95.4
162.6,44.4
148.4,49.1
125.1,24.9
113.2,20.4
169.9,108.5
157.5,88.5
177.0,97.2
157.6,73.5
161.5,70.4
161.5,118.8
170.7,67.8
117.0,24.5
168.7,101.9
161.3,52.2
165.7,52.0
106.7,15.0
132.1,25.3
166.8,72.5
179.6,102.3
175.5,168.3
185.8,79.6
152.0,35.5
168.9,127.6
144.9,47.4
159.8,51.5
160.3,84.5
135.8,34.3
151.6,125.6
115.8,22.3
101.3,17.2
160.8,67.9
131.4,40.0
157.6,38.7
160.0,86.0
153.1,54.2
152.2,66.2
180.0,100.6
173.8,109.2
176.4,59.5
164.9,102.2
175.7,63.6
85.4,11.0
158.2,87.0
159.4,80.7
177.5,167.9
116.7,25.8
170.0,77.0
157.8,53.8
109.3,17.0
176.4,71.7
148.4,35.3
188.6,91.1
118.4,26.5
153.5,62.4
180.7,161.3
159.3,58.7
164.1,71.5
150.7,65.2
130.3,43.0
179.6,108.1
180.5,87.8
149.1,88.0
100.3,16.2
163.0,63.9
158.8,104.4
145.0,45.7
175.1,85.4
155.2,82.6
154.1,60.3
171.4,67.1
130.9,29.9
156.3,65.8
99.6,14.7
115.8,21.1
175.8,83.0
149.0,78.6
148.5,63.6
156.7,59.3
179.8,74.6
154.4,83.6
173.5,88.6
160.3,86.7
164.4,60.0
176.0,73.0
147.3,72.9
152.4,56.8
155.7,97.3
190.2,174.0
133.3,34.4
158.2,94.7
137.9,29.5
165.9,87.3
149.3,55.4
166.5,70.9
192.2,132.3
165.1,75.4
155.0,69.6
91.0,16.6
172.0,81.9
105.5,23.8
173.3,105.8
163.2,128.9
159.9,75.1
178.7,95.4
157.5,59.3
165.0,69.8
165.8,111.6
171.9,100.8
169.7,70.5
125.0,21.2
176.9,84.5
161.5,42.3
160.3,75.5
159.2,61.4
155.1,41.4
163.5,61.9
175.4,67.3
109.3,19.9
158.4,71.1
159.2,74.4
186.2,80.1
169.0,63.5
182.4,78.2
97.6,15.1
178.4,59.8
183.6,110.8
167.7,89.9
163.9,66.1
157.0,101.1
161.9,62.1
164.2,79.1
175.6,64.8
118.1,27.0
172.5,83.8
141.1,35.6
170.8,87.1
180.4,84.7
149.9,62.7
163.5,80.0
102.2,17.5
161.7,58.4
158.3,73.7
158.0,81.7
147.4,37.2
161.4,58.2
172.9,71.4
157.8,77.0
179.8,105.9
166.8,84.5
172.3,91.7
88.5,11.1
156.0,51.7
155.9,61.1
150.6,62.6
174.8,84.0
187.0,113.2
157.8,56.4
164.9,78.6
165.3,75.6
169.3,65.4
154.4,49.4
97.2,14.8
172.3,76.7
136.5,38.1
161.9,77.6
161.1,63.1
159.7,86.9
179.1,128.5
101.1,16.5
162.3,84.5
174.1,68.6
182.2,93.6
151.5,87.5
181.7,138.3
171.7,80.8
134.0,37.4
177.7,80.7
176.2,144.8
179.3,108.3
175.4,107.7
165.0,72.2
155.3,98.6
158.4,65.2
148.8,60.2
155.4,95.5
178.3,118.5
148.5,41.9
172.4,61.5
164.2,57.6
170.9,78.9
129.6,34.6
125.2,25.6
180.0,89.2
162.6,62.8
172.4,74.3
192.5,129.1
159.0,62.4
157.7,83.4
181.9,100.4
182.4,92.1
165.7,61.6
174.7,79.8
156.4,73.2
158.0,57.7
176.5,75.6
192.5,103.1
185.1,93.7
125.4,28.9
158.6,39.2
169.1,83.3
100.6,17.4
158.2,109.8
177.4,60.8
116.5,23.8
180.4,145.3
152.4,40.8
115.0,20.6
94.4,14.6
162.0,148.4
171.2,94.2
178.4,109.1
159.7,71.6
167.4,54.4
166.1,77.9
191.1,125.3
154.7,45.4
166.8,71.0
177.8,68.2
177.0,85.8
186.7,107.0
142.2,48.5
114.5,18.8
155.7,67.7
165.2,73.3
181.2,84.7
152.2,45.2
154.1,66.7
163.4,70.5
160.0,53.6
164.0,83.8
169.9,91.6
159.4,48.1
184.3,67.9
161.7,52.4
152.9,120.6
134.3,28.8
149.9,83.5
187.9,90.4
174.0,71.9
169.6,74.4
164.6,50.5
167.8,107.6
163.4,78.6
138.3,34.1
168.7,111.3
184.4,108.0
151.9,64.1
158.5,78.6
174.0,81.4
172.9,57.7
163.0,54.3
176.9,102.1
161.2,119.4
109.3,17.0
118.9,20.3
98.2,14.0
172.0,65.5
163.5,74.7
165.0,58.9
158.3,52.1
164.0,61.3
170.1,84.3
165.8,87.4
123.1,28.1
108.5,20.3
160.3,55.4
170.1,80.5
161.5,87.3
92.6,15.2
157.3,95.6
185.4,100.4
159.6,62.6
177.4,98.5
168.4,45.7
153.8,50.0
172.6,77.4
189.0,129.0
115.8,21.4
146.0,61.6
170.5,86.0
172.2,56.3
155.5,48.2
177.2,90.6
119.2,21.6
151.1,62.8
191.2,107.4
160.9,47.1
167.8,96.8
172.4,65.6
171.6,72.5
117.1,21.6
165.5,125.8
179.9,99.0
164.5,71.3
174.7,80.0
169.0,96.1
195.6,110.5
163.2,67.1
173.3,65.0
167.3,92.8
170.3,81.0
150.6,42.3
165.2,113.1
169.5,145.6
158.8,109.4
148.5,58.3
168.5,77.8
102.8,18.4
180.2,80.2
172.8,76.2
152.7,76.7
166.8,149.4
167.8,77.5
159.6,57.1
151.8,55.1
160.4,100.8
177.1,78.5
179.3,93.3
170.6,85.3
164.4,69.4
159.8,79.5
178.4,98.5
149.6,62.3
163.0,67.1
178.5,85.4
165.1,90.3
174.0,90.9
109.0,17.1
150.7,66.1
147.9,59.7
155.4,69.9
141.5,79.2
164.1,78.7
184.6,113.8
169.9,71.9
150.4,55.7
148.6,43.3
169.8,54.8
153.8,74.8
175.6,93.1
92.6,13.2
163.7,85.8
152.8,72.4
171.0,52.6
161.5,64.9
173.4,98.3
180.3,101.7
162.7,70.9
186.6,119.5
173.2,77.1
153.2,46.4
142.7,61.3
126.7,29.7
172.6,68.1
185.5,109.9
153.4,67.4
160.2,124.9
121.5,28.7
90.6,13.2
175.7,111.4
169.9,70.0
158.7,55.7
131.0,27.2
175.9,75.4
153.4,90.5
170.0,82.0
188.8,103.2
180.8,79.4
157.2,63.1
158.0,57.6
163.9,89.3
176.4,70.6
173.7,111.2
132.4,31.9
164.7,88.7
182.5,153.4
163.1,96.0
178.7,86.2
177.6,134.2
168.7,60.1
165.3,111.1
142.8,35.1
161.1,60.2
90.6,14.3
118.4,29.4
159.1,49.1
150.2,39.7
154.2,68.6
153.3,46.5
171.4,120.2
153.5,56.2
163.8,51.0
102.3,16.4
182.4,186.5
152.0,79.8
155.2,41.8
167.4,65.9
181.5,86.4
156.6,104.8
172.1,73.2
172.8,60.9
128.7,22.1
168.9,60.7
148.8,54.3
111.7,17.7
176.3,74.4
172.9,78.7
162.0,65.4
195.8,89.9
162.4,92.0
159.4,63.6
185.0,105.3
149.3,58.7
182.4,107.4
154.0,62.5
156.7,103.7
157.7,70.4
173.6,100.1
170.0,92.7
133.9,37.3
165.3,89.5
164.9,99.6
156.5,83.7
164.2,42.3
163.7,76.5
178.4,99.2
149.5,57.4
182.7,100.9
170.1,98.5
175.5,81.8
168.3,71.7
102.8,17.4
166.2,72.8
166.4,66.0
148.8,53.7
173.4,92.2
173.4,110.0
101.3,14.3
156.2,49.0
173.9,97.7
158.3,69.4
167.2,82.6
148.2,42.8
151.2,48.3
174.1,93.9
156.1,96.1
175.6,96.3
174.6,75.8
183.7,135.8
146.1,68.1
152.7,91.1
166.5,86.3
127.0,32.4
171.4,84.2
170.0,82.8
172.4,114.8
163.1,75.8
172.2,60.4
156.8,59.8
162.7,84.5
181.4,127.9
171.3,69.7
101.6,15.5
94.5,17.9
169.2,56.0
153.7,72.5
147.5,89.0
185.3,77.3
148.3,68.1
155.7,63.4
172.6,89.3
136.3,45.3
164.7,88.9
169.0,64.6
135.7,34.0
168.4,124.9
138.0,38.2
161.7,68.7
171.3,66.7
178.9,106.0
162.0,76.7
170.3,197.7
125.9,25.8
157.5,67.3
112.8,24.6
155.5,63.8
118.9,21.3
179.8,64.7
94.4,14.6
159.8,89.7
151.7,68.3
172.2,90.5
167.4,104.3
152.1,46.5
177.1,88.5
166.9,74.2
173.3,90.2
161.1,111.7
153.5,67.3
168.2,61.5
156.7,82.6
110.3,17.9
157.4,72.9
163.0,72.3
173.2,89.8
154.5,92.6
153.8,74.3
149.9,62.0
169.1,64.8
168.7,75.3
161.1,100.3
158.2,52.6
169.6,56.3
178.4,88.8
120.3,30.4
109.7,18.0
108.2,17.3
160.2,52.0
167.3,97.0
164.9,56.1
173.3,92.3
110.6,21.8
155.6,70.1
177.2,93.8
189.3,105.5
189.8,78.1
168.3,61.3
159.5,58.9
157.9,83.5
152.8,62.6
156.6,83.5
174.7,87.4
162.4,61.0
178.4,97.4
169.6,81.7
177.2,96.0
175.0,103.3
181.0,88.6
153.9,48.6
161.0,75.9
152.7,58.5
175.6,94.2
156.4,60.1
164.4,92.0
177.9,100.3
166.1,59.7
167.4,65.9
175.6,99.6
168.7,63.6
127.3,24.9
158.8,60.6
174.6,97.9
164.4,76.6
136.7,37.2
174.9,90.5
150.9,69.4
149.4,42.0
145.1,66.9
167.4,75.5
186.3,117.0
154.9,87.0
154.7,69.2
160.9,54.9
156.8,51.8
108.9,18.0
170.3,65.1
162.6,75.1
161.4,78.2
140.8,29.4
151.5,32.6
156.4,89.7
161.4,125.3
156.9,50.5
111.7,19.3
168.1,85.0
170.1,67.0
153.1,66.7
175.1,91.0
159.5,45.0
180.7,64.2
172.6,65.2
158.5,45.8
163.6,91.0
180.1,72.2
173.9,72.5
170.5,70.4
118.0,23.6
182.6,97.6
182.9,76.2
158.4,72.6
168.1,91.3
180.8,111.7
150.8,65.7
167.6,74.0
169.4,80.3
172.5,48.4
135.2,27.3
139.4,28.9
167.4,71.8
124.7,22.3
156.3,81.5
152.7,52.6
176.1,96.8
178.1,71.3
151.6,58.2
144.1,35.2
166.6,65.4
178.2,97.7
162.0,48.7
163.4,98.4
162.2,55.3
174.5,73.5
179.4,118.6
174.6,85.8
154.6,52.0
157.3,82.2
92.1,14.1
129.6,22.1
171.0,68.9
161.0,86.4
117.0,24.6
163.2,44.0
159.4,83.0
181.8,98.2
157.1,69.2
154.9,68.8
162.5,83.0
167.4,86.8
160.3,75.1
178.4,100.5
131.9,30.7
179.6,72.5
160.3,53.5
165.0,88.7
164.0,62.5
189.1,105.0
184.2,97.9
148.4,30.3
171.2,126.0
169.0,85.4
166.6,107.5
169.8,93.7
133.9,43.6
121.0,22.5
179.1,63.0
166.7,67.5
125.2,21.3
124.3,21.2
167.2,88.6
174.1,92.6
176.8,96.8
159.4,78.0
170.9,77.7
136.4,33.6
155.4,55.8
178.9,69.6
165.3,71.6
191.5,144.4
182.8,97.1
138.8,31.6
150.8,47.0
135.1,28.0
178.4,102.2
157.9,58.6
156.4,72.2
160.6,105.2
176.2,101.8
169.8,54.3
176.3,127.4
171.9,86.5
156.0,79.6
161.3,219.6
168.8,90.8
121.8,20.6
182.9,79.5
115.4,19.8
156.8,64.8
120.6,30.6
159.1,62.2
155.8,57.2
114.6,20.7
160.6,86.4
171.0,90.2
173.3,85.8
184.3,101.8
175.7,92.0
155.1,105.7
177.9,96.7
107.0,17.5
113.2,22.8
181.5,65.9
164.8,88.6
151.1,54.3
172.0,69.7
154.2,83.4
174.8,69.0
132.2,28.3
180.0,70.6
83.8,10.1
182.2,130.0
165.0,94.1
172.9,90.5
158.5,95.6
164.4,65.8
103.2,16.2
147.4,57.7
164.8,50.9
152.3,75.3
94.0,14.3
112.3,21.1
164.6,70.9
167.0,74.6
178.0,80.0
160.4,51.2
160.3,64.2
149.1,72.7
175.1,78.9
152.5,80.2
91.2,14.2
143.9,54.9
145.1,57.9
173.9,65.5
168.8,77.1
181.1,111.4
156.8,89.6
165.1,93.4
165.9,70.2
179.8,102.0
167.8,79.5
128.9,27.2
89.0,14.5
170.9,63.8
161.0,65.8
155.6,62.7
185.0,81.3
168.2,125.3
183.1,105.5
141.1,37.4
166.0,61.9
164.6,110.7
169.7,76.2
155.1,47.3
159.8,60.3
168.9,97.5
138.1,45.5
163.8,69.5
164.6,156.3
145.9,81.1
175.0,143.8
164.6,83.4
168.0,54.4
154.1,54.7
180.3,158.6
159.2,67.0
151.2,44.3
169.6,76.5
174.0,118.1
170.2,74.3
170.6,79.8
161.9,68.7
171.5,102.4
169.6,122.3
152.4,59.8
112.0,19.4
133.1,32.0
171.5,89.5
169.0,90.4
167.8,84.7
155.5,73.1
159.1,94.1
177.8,99.9
175.5,86.5
136.9,36.5
164.8,118.2
164.6,73.8
167.1,71.4
181.8,117.8
91.1,13.8
150.1,34.9
171.9,69.0
119.5,23.3
172.4,108.6
162.1,70.1
153.7,65.1
156.4,68.6
137.8,33.0
162.0,73.2
172.4,73.3
149.4,33.4
178.2,97.5
169.8,57.0
155.0,66.9
156.9,94.1
149.1,48.7
156.4,61.4
156.5,68.2
167.8,69.2
169.3,64.3
159.6,73.0
170.9,89.3
174.5,63.3
173.9,106.1
172.0,129.2
102.1,16.4
158.7,51.4
183.0,116.7
92.8,15.2
96.8,16.3
167.9,50.8
178.5,83.7
158.9,59.5
104.0,16.5
116.3,22.5
82.5,11.2
147.1,43.6
181.1,122.7
163.1,78.8
173.6,66.5
162.8,80.7
170.4,73.2
162.0,52.9
180.1,76.9
108.9,23.8
156.5,49.0
164.9,97.4
162.6,69.1
156.6,111.9
175.8,111.5
